chapter,table,rownum,rowlabel,category,region,gas,unit,1990,1991,1992,1993,1994,1995,1996,1997,1998,1999,2000,2001,2002,2003,2004,2005,2006,2007,2008,2009,2010,2011,2012,2013,2014,2015,2016,2017,2018,2019,2020
,,,,,,,,,,,,,,,,,,,,,,,,,,,,,,,,,,,,,,
Trends,Table 2-1,1,CO2,,USA,CO2,MMTCO2e,"5,122.50","5,065.00","5,175.20","5,274.40","5,365.60","5,427.80","5,616.40","5,691.90","5,737.10","5,810.30","6,016.40","5,912.00","5,952.70","6,015.80","6,118.00","6,137.60","6,057.20","6,135.30","5,918.90","5,483.00","5,681.40","5,546.60","5,345.50","5,480.90","5,528.90","5,376.60","5,251.80","5,211.00","5,376.70","5,259.10","4,715.70"
Trends,Table 2-1,2,Fossil Fuel Combustion,FFC,USA,CO2,MMTCO2e,"4,731.20","4,680.60","4,780.10","4,893.70","4,964.70","5,022.10","5,213.70","5,274.10","5,320.50","5,372.10","5,609.00","5,531.40","5,568.90","5,643.30","5,720.30","5,752.00","5,667.20","5,753.60","5,554.80","5,181.10","5,345.70","5,209.80","5,005.40","5,123.20","5,166.10","5,006.50","4,909.60","4,853.30","4,989.30","4,852.30","4,342.70"
Trends,Table 2-1,3,Transportation,FFCTrans,USA,CO2,MMTCO2e,"1,468.90","1,422.30","1,477.60","1,508.60","1,553.90","1,580.70","1,627.40","1,643.50","1,678.90","1,746.30","1,792.20","1,762.50","1,803.00","1,812.00","1,845.20","1,858.60","1,859.10","1,860.70","1,759.70","1,688.50","1,696.80","1,670.50","1,659.60","1,669.10","1,707.30","1,718.20","1,757.60","1,780.00","1,812.80","1,813.80","1,572.00"
Trends,Table 2-1,4,Electric Power Sector,FFCElec,USA,CO2,MMTCO2e,"1,820.00","1,817.40","1,830.70","1,906.20","1,930.50","1,947.20","2,020.20","2,087.50","2,176.60","2,189.70","2,296.20","2,257.20","2,272.20","2,303.70","2,335.10","2,400.10","2,344.40","2,411.10","2,359.30","2,145.30","2,258.60","2,158.10","2,023.30","2,038.30","2,037.20","1,900.60","1,808.90","1,732.00","1,752.90","1,606.10","1,439.00"
Trends,Table 2-1,5,Industrial,FFCInd,USA,CO2,MMTCO2e,853.7,839.1,866.7,865.9,872.8,889.7,922.5,917.1,890.8,843.4,869.9,867.5,853.3,852.8,876.2,851.5,875.8,867.1,819.8,743.2,796.4,797.1,806.9,834.4,814.6,797.3,792.7,790.4,814.1,816.1,766.3
Trends,Table 2-1,6,Residential,FFCRes,USA,CO2,MMTCO2e,338.6,347.7,354,366.1,357,353.1,383.5,365,331.6,350.9,371.7,363.1,361.1,380.1,369.1,358.9,321.7,341.2,347.9,336.4,334.8,326.2,282.4,329.1,346.5,317.3,292.8,293.4,338.2,341.4,315.8
Trends,Table 2-1,7,Commercial,FFCCom,USA,CO2,MMTCO2e,228.3,232.7,228,223,224.7,227.8,237.6,237.8,220.1,220.7,236.5,228.5,229,240.1,238,227.1,211.8,223.1,227.5,228,224.5,224.5,200.3,224.2,232.4,244.6,231.5,232,245.8,250.7,226.8
Trends,Table 2-1,8,U.S. Territories,FFCUST,USA,CO2,MMTCO2e,21.7,21.5,23.1,24,25.7,23.7,22.6,23.1,22.5,21,42.4,52.8,50.3,54.6,56.8,55.9,54.3,50.4,40.6,39.6,34.6,33.4,33.1,28.1,28.1,28.4,26,25.5,25.5,24.3,22.7
Trends,Table 2-1,9,Non-Energy Use of Fuels,NEU,USA,CO2,MMTCO2e,112.2,117.4,123.9,112.7,123.3,120.7,117.8,128.7,133.7,157,128.1,122.3,125,119,136.5,128.9,126.8,115.6,111.2,94,96.7,90.4,89.9,101.6,97.2,108.2,99.5,112.6,128.9,126.8,121
Trends,Table 2-1,13,Petroleum Systems,PetSys,USA,CO2,MMTCO2e,9.6,9.9,9.9,9.9,10.1,10.6,11,11.4,11.4,10.8,10.9,11,11.1,11.4,11.7,12,12.2,12.4,13.3,13.5,15.4,18,22.2,26.3,30.9,32.5,21.9,25,37.3,46.7,30.2
Trends,Table 2-1,11,Iron and Steel Production & Metallurgical Coke Production,IronSteelMetCoke,USA,CO2,MMTCO2e,104.7,95.2,96,91.6,94.5,98.4,96.4,97.6,91.1,89,90.5,79.8,75.8,72.7,72.2,70.1,72.8,74.5,69.9,45.1,58.6,63,57.3,55.2,58.2,47.9,43.6,40.6,42.6,43.1,37.7
Trends,Table 2-1,10,Cement Production,Cement,USA,CO2,MMTCO2e,33.5,32.7,33,34.8,36.3,37.1,37.3,38.6,39.5,40.2,41.4,41.6,43.2,43.3,45.9,46.2,46.9,45.5,41.4,29.6,31.4,32.2,35.3,36.4,39.4,39.9,39.4,40.3,39,40.9,40.7
Trends,Table 2-1,12,Natural Gas Systems,NGSys,USA,CO2,MMTCO2e,31.9,31,30.9,30.6,30.5,28.5,26.7,26.4,24.2,24.9,25.1,24.8,25.3,24.8,24.9,24.9,25.4,25.8,26.4,25.5,26,27.6,27,28.7,29.3,29.1,29.8,31.1,32.4,38.7,35.4
Trends,Table 2-1,14,Petrochemical Production,Petrochem,USA,CO2,MMTCO2e,21.6,23.1,23.7,24.6,26.6,27.9,29.1,30.5,30.9,32.3,31.6,27.6,28.7,28.5,30.7,27.4,27.6,28.1,24.7,23.8,27.3,26.3,26.5,26.4,26.5,28.1,28.1,28.9,29.3,30.7,30
Trends,Table 2-1,16,Ammonia Production,Ammonia,USA,CO2,MMTCO2e,13,13.3,13.7,13.2,14.2,13.5,13.8,14,14.1,12.9,12.2,9.2,10.5,8.8,9.6,9.2,8.8,9.1,8.4,8.4,9.2,8.2,8.9,9.5,9.4,10.6,10.2,11.1,12.2,12.3,12.7
Trends,Table 2-1,17,Lime Production,LimeProd,USA,CO2,MMTCO2e,11.7,11.5,11.9,12.3,12.7,13.5,14.2,14.5,14.8,14.4,14.3,13.7,13.2,13.9,14.6,14.6,15.2,14.7,14.5,11.4,13.4,14,13.8,14,14.2,13.3,12.6,12.9,13.1,12.1,11.3
Trends,Table 2-1,15,Incineration of Waste,WasteIncin,USA,CO2,MMTCO2e,12.9,11.2,13,13,14.1,14.4,14.5,13.8,12.8,12.3,13.1,13,13.1,13.2,13.3,13.3,14.4,14.3,13.9,13.5,12.9,12.7,13.4,14.1,14.1,14.2,14.4,13.2,13.3,12.9,13.1
Trends,Table 2-1,18,Other Process Uses of Carbonates,CarbonateUse,USA,CO2,MMTCO2e,6.2,5.6,5.6,5.2,5.5,7.3,8,7.7,7.8,8.6,5.8,6,6.3,4.9,6.7,7.5,8.6,7.9,6.7,8.7,10.6,9.7,8.9,10.9,12.6,12.1,10.8,9.9,7.4,9.8,9.8
Trends,Table 2-1,19,Urea Consumption for Non-Agricultural Purposes,UreaConsNonAg,USA,CO2,MMTCO2e,3.8,3.5,3.9,4.6,4.3,4.3,3.9,3.9,4.8,4.7,4.2,4.1,3.7,3.6,3.7,3.7,3.5,4.9,4.1,3.4,4.7,5.1,4.8,4.6,1.8,4.7,5.3,5.2,6,6,6
Trends,Table 2-1,20,Urea Fertilization,UreaFert,USA,CO2,MMTCO2e,2.4,2.3,2.4,2.6,2.7,2.7,2.6,2.7,2.9,3,3.2,3.4,3.6,3.7,3.7,3.5,3.7,3.8,3.6,3.6,3.8,4.1,4.3,4.4,4.5,4.7,4.7,4.9,5,5.1,5.3
Trends,Table 2-1,21,Carbon Dioxide Consumption,CO2Cons,USA,CO2,MMTCO2e,1.5,1.5,1.5,1.5,1.5,1.5,1.5,1.5,1.5,1.5,1.5,0.9,1,1.4,1.3,1.4,1.8,1.9,1.8,1.8,4.4,4.1,4,4.2,4.5,4.9,4.6,4.6,4.1,4.9,5
Trends,Table 2-1,22,Liming,Liming,USA,CO2,MMTCO2e,4.7,5,4.4,3.8,4.1,4.4,4.4,4.3,4.7,4.5,4.3,4.4,5,4.6,3.9,4.3,4.2,4.5,5,3.7,4.8,3.9,6,3.9,3.6,3.7,3.1,3.1,2.2,2.4,2.4
Trends,Table 2-1,25,Aluminum Production,Aluminum,USA,CO2,MMTCO2e,6.8,6.9,6.8,6.2,5.5,5.7,6,6,6.2,6.3,6.1,4.4,4.5,4.5,4.2,4.1,3.8,4.3,4.5,3,2.7,3.3,3.4,3.3,2.8,2.8,1.3,1.2,1.5,1.9,1.7
Trends,Table 2-1,26,Soda Ash Production,SodaAsh,USA,CO2,MMTCO2e,1.4,1.4,1.5,1.4,1.4,1.6,1.6,1.7,1.6,1.5,1.5,1.5,1.5,1.5,1.6,1.7,1.6,1.7,1.7,1.5,1.5,1.6,1.7,1.7,1.7,1.7,1.7,1.8,1.7,1.8,1.5
Trends,Table 2-1,27,Ferroalloy Production,Ferroalloy,USA,CO2,MMTCO2e,2.2,1.9,2,1.9,2,2,2.1,2.2,2.2,2.2,1.9,1.5,1.3,1.3,1.4,1.4,1.5,1.6,1.6,1.5,1.7,1.7,1.9,1.8,1.9,2,1.8,2,2.1,1.6,1.4
Trends,Table 2-1,28,Titanium Dioxide Production,TiO2,USA,CO2,MMTCO2e,1.2,1.2,1.4,1.4,1.5,1.5,1.5,1.7,1.7,1.7,1.8,1.7,1.8,1.8,2.1,1.8,1.8,1.9,1.8,1.6,1.8,1.7,1.5,1.7,1.7,1.6,1.7,1.7,1.5,1.5,1.3
Trends,Table 2-1,24,Glass Production,Glass,USA,CO2,MMTCO2e,2.3,2.2,2.3,2.3,2.4,2.4,2.4,2.5,2.6,2.6,2.6,2.5,2.5,2.4,2.5,2.4,2.4,2.3,2.2,1.9,2.1,2.1,2,2,2,2,2.1,2,2,1.9,1.9
Trends,Table 2-1,29,Zinc Production,Zinc,USA,CO2,MMTCO2e,0.6,0.8,0.8,0.9,0.9,0.9,0.9,1,0.9,0.9,0.9,0.7,0.7,1.1,1,1,1,1,1.2,0.9,1.2,1.3,1.5,1.4,0.9,0.9,0.8,0.9,1,1,1
Trends,Table 2-1,30,Phosphoric Acid Production,Phosphoric,USA,CO2,MMTCO2e,1.5,1.4,1.5,1.3,1.5,1.5,1.6,1.5,1.6,1.5,1.4,1.3,1.3,1.4,1.4,1.3,1.2,1.2,1.1,1,1.1,1.2,1.1,1.1,1,1,1,1,0.9,0.9,0.9
Trends,Table 2-1,31,Lead Production,Lead,USA,CO2,MMTCO2e,0.5,0.5,0.5,0.5,0.5,0.6,0.6,0.6,0.6,0.6,0.6,0.6,0.6,0.6,0.5,0.6,0.6,0.6,0.5,0.5,0.5,0.5,0.5,0.5,0.5,0.5,0.5,0.5,0.5,0.5,0.5
Trends,Table 2-1,32,Carbide Production and Consumption,Carbide,USA,CO2,MMTCO2e,0.2,0.2,0.2,0.2,0.2,0.2,0.2,0.2,0.3,0.2,0.2,0.2,0.2,0.2,0.2,0.2,0.2,0.2,0.2,0.1,0.2,0.2,0.2,0.2,0.2,0.2,0.2,0.2,0.2,0.2,0.2
Trends,Table 2-1,33,Abandoned Oil and Gas Wells,AbandonedWells,USA,CO2,MMTCO2e,+ ,0,0,0,0,0,0,0,0,0,0,0,0,0,0,0,0,0,0,0,0,0,0,0,0,0,0,0,0,0,0
Trends,Table 2-1,34,Magnesium Production and Processing,Magnesium,USA,CO2,MMTCO2e,0.1,0.1,0.1,0.1,0.1,0.1,0.1,0.1,0.1,0.1,0.1,0.1,0,0,0,0,0,0,0,0,0,0,0,0,0,0,0,0,0,0,0
Trends,Table 2-1,35,"Wood Biomass, Ethanol, and Biodiesel Consumptiona",BiomassBiofuels,USA,CO2,MMTCO2e,219.4,220.2,230.6,225.8,232.3,236.9,241.3,235.6,218.2,221.5,227.4,203.4,204.7,209.9,225.4,230.7,236.3,244.6,257.5,253.9,290.6,296.2,289.6,315.5,323.2,317.7,316.9,312.7,319.8,317.2,291.6
Trends,Table 2-1,36,International Bunker Fuelsb,Bunkers,USA,CO2,MMTCO2e,103.6,117.7,108,98,96.8,98.6,99.9,107.1,110.6,102.8,101.9,93.9,94.6,98.5,108.6,113.3,114.3,115.5,114.5,106.5,117.1,111.7,105.9,99.8,103.5,111,116.7,120.2,122.2,116.1,69.6
Trends,Table 2-1,37,CH4,,USA,CH4,MMTCO2e,780.8,786.2,785.9,775,781.5,773.2,767,753.4,739.5,722.8,718.1,711.4,704.2,703.8,698.7,697.5,703.3,706.3,714.4,702.5,705.3,679.8,674.6,670.1,666.1,666.7,657.6,663.8,671.1,668.8,650.4
Trends,Table 2-1,38,Enteric Fermentation,Enteric,USA,CH4,MMTCO2e,163.5,163.7,168.5,170.9,173.9,177.8,176.8,173.3,171.4,171.6,169.8,168.8,169.1,169.2,166.1,168,170.8,173.7,173,172.1,170.4,168.2,166,164.9,163,166,171.3,174.9,175.7,176.1,175.2
Trends,Table 2-1,39,Natural Gas Systems,NGSys,USA,CH4,MMTCO2e,195.5,199.2,197.8,197.5,199.2,191.1,188.9,189.9,185.6,181,182,184.5,181.1,179.6,179.6,177.5,182.1,179.9,182.2,173.5,168.6,166.1,165.5,167.9,165,167.3,165.2,166.6,171.8,172.1,164.9
Trends,Table 2-1,40,Landfills,Landfills,USA,CH4,MMTCO2e,176.6,178.9,178.6,176.6,176.3,171.7,168.3,158.9,149.5,142.9,139.7,135.4,134.1,136.5,134.1,131.5,129.4,127.3,125.2,123.1,124.1,115.4,116.6,113,112.6,111.2,107.9,109.2,111.7,113.6,109.3
Trends,Table 2-1,41,Manure Management,Manure,USA,CH4,MMTCO2e,34.8,36.6,35.2,36.9,39.5,40.8,40,41.8,45.2,45.3,45.6,47.1,47.9,48.1,46.5,49,49,53.4,51.6,50.6,52.3,52.7,54.5,52.4,51.9,55.4,57.1,57.5,59.4,58.7,59.6
Trends,Table 2-1,42,Coal Mining,CoalMining,USA,CH4,MMTCO2e,96.5,93.3,90.7,77.3,77.6,76.4,76,75.4,75.7,71.2,68.3,68,63.8,64,65.3,64.1,65.6,64.8,75.6,79.9,82.2,71.1,66.2,64.6,64.6,61.2,53.8,54.8,52.7,47.4,41.2
Trends,Table 2-1,43,Petroleum Systems,PetSys,USA,CH4,MMTCO2e,47.8,47.8,47,46.8,45.6,45.3,46.2,46.3,44.3,42.5,42.4,42.7,41.7,42.8,43.1,41.4,44.5,44.2,45.5,40.8,42,44.5,45.1,47.2,47.2,43.2,40.4,40.5,38.6,40.4,40.2
Trends,Table 2-1,44,Wastewater Treatment,Wastewater,USA,CH4,MMTCO2e,20.3,20.6,21,21,21.2,21,20.8,20.9,20.9,21,20.9,20.6,20.6,20.5,20.3,20.1,20.1,20,19.9,19.5,19.3,19.3,19.3,18.9,18.7,18.9,18.7,18.5,18.3,18.1,18.3
Trends,Table 2-1,45,Rice Cultivation,Rice,USA,CH4,MMTCO2e,16,16.1,16.1,17.1,15.7,16.5,16.7,15.4,17.1,17.7,19,15.4,17.7,14.7,15.6,18,14.7,15.9,14.1,16.2,18.9,15.3,15.2,13.8,15.4,16.2,15.8,14.9,15.6,15.1,15.7
Trends,Table 2-1,46,Stationary Combustion,StationaryComb,USA,CH4,MMTCO2e,8.6,8.8,9.1,8.5,8.3,8.3,8.6,7.8,7.1,7.3,7.7,7.2,7.3,7.6,7.7,7.8,7.3,7.7,8,8,8.5,8.3,7.6,8.7,8.9,8.5,7.9,7.7,8.6,8.8,7.9
Trends,Table 2-1,47,Abandoned Oil and Gas Wells,AbandonedWells,USA,CH4,MMTCO2e,6.5,6.6,6.6,6.7,6.7,6.7,6.7,6.8,6.8,6.8,6.8,6.8,6.8,6.8,6.8,6.8,6.8,6.8,6.8,6.8,6.8,6.8,6.8,6.8,6.8,6.8,6.9,6.9,6.9,7,6.9
Trends,Table 2-1,48,Abandoned Underground Coal Mines,AbandonedMines,USA,CH4,MMTCO2e,7.2,7.3,7.9,8.2,9.7,9.8,10.1,9,8.2,8.3,8.8,8,7.3,7.2,6.9,6.6,6.5,6.3,6.3,6.4,6.6,6.4,6.2,6.2,6.3,6.4,6.7,6.4,6.2,5.9,5.8
Trends,Table 2-1,50,Mobile Combustion,MobileComb,USA,CH4,MMTCO2e,6.5,6.3,6.4,6.3,6.2,6.2,6.1,5.9,5.7,5.1,4.9,4.7,4.5,4.3,4.2,4,4,3.8,3.6,3.4,3.4,3.3,3.1,3,2.8,2.7,2.6,2.6,2.5,2.5,2.2
Trends,Table 2-1,49,Composting,Compost,USA,CH4,MMTCO2e,0.4,0.4,0.5,0.6,0.8,0.9,1,1.1,1.2,1.3,1.5,1.5,1.5,1.7,1.9,1.9,1.9,2,2,1.9,1.8,1.9,1.9,2,2.1,2.1,2.3,2.5,2.3,2.3,2.3
Trends,Table 2-1,51,Field Burning of Agricultural Residues,FieldBurn,USA,CH4,MMTCO2e,0.4,0.4,0.4,0.4,0.4,0.3,0.4,0.4,0.4,0.4,0.4,0.4,0.4,0.5,0.4,0.4,0.4,0.4,0.4,0.4,0.5,0.4,0.4,0.4,0.4,0.4,0.4,0.4,0.4,0.4,0.4
Trends,Table 2-1,52,Petrochemical Production,Petrochem,USA,CH4,MMTCO2e,0.2,0.2,0.2,0.3,0.3,0.3,0.3,0.4,0.3,0.3,0.3,0.2,0.2,0.2,0.2,0.1,0,0.1,0,0,0,0,0.1,0.1,0.1,0.2,0.2,0.3,0.3,0.3,0.3
Trends,Table 2-1,53,Anaerobic Digestion at Biogas Facilities,StandaloneDigesters,USA,CH4,MMTCO2e,+ ,0,0,0,0,0,0,0,0,0,0,0,0,0,0,0,0,0,0.1,0.1,0.1,0.1,0.1,0.1,0.2,0.2,0.2,0.2,0.2,0.2,0.2
Trends,Table 2-1,54,Ferroalloy Production,Ferroalloy,USA,CH4,MMTCO2e,+ ,0,0,0,0,0,0,0,0,0,0,0,0,0,0,0,0,0,0,0,0,0,0,0,0,0,0,0,0,0,0
Trends,Table 2-1,55,Carbide Production and Consumption,Carbide,USA,CH4,MMTCO2e,+ ,0,0,0,0,0,0,0,0,0,0,0,0,0,0,0,0,0,0,0,0,0,0,0,0,0,0,0,0,0,0
Trends,Table 2-1,56,Iron and Steel Production & Metallurgical Coke Production,IronSteelMetCoke,USA,CH4,MMTCO2e,+ ,0,0,0,0,0,0,0,0,0,0,0,0,0,0,0,0,0,0,0,0,0,0,0,0,0,0,0,0,0,0
Trends,Table 2-1,57,Incineration of Waste,WasteIncin,USA,CH4,MMTCO2e,+ ,0,0,0,0,0,0,0,0,0,0,0,0,0,0,0,0,0,0,0,0,0,0,0,0,0,0,0,0,0,0
Trends,Table 2-1,58,International Bunker Fuelsb,Bunkers,USA,CH4,MMTCO2e,0.2,0.2,0.2,0.1,0.1,0.1,0.1,0.1,0.1,0.1,0.1,0.1,0.1,0.1,0.1,0.1,0.1,0.1,0.1,0.1,0.1,0.1,0.1,0.1,0.1,0.1,0.1,0.1,0.1,0.1,0.1
Trends,Table 2-1,59,N2O,,USA,N2O,MMTCO2e,450.5,441.1,440.8,469.1,454.7,466.5,478.5,464.6,465.4,455.2,442.3,458,456.4,457.3,467.3,453.3,451,461.2,444.7,443.4,452.7,443.4,414.6,461.7,471.8,466.5,449.2,444.6,457.7,456.8,426.1
Trends,Table 2-1,60,Agricultural Soil Management,AgSoils,USA,N2O,MMTCO2e,316,304.8,302.5,326.1,307.5,313.3,322.5,313.4,317.2,309.2,294.9,317,314.7,315.9,328.8,313.8,309.1,320,316.5,321.2,325,312.5,292.9,340.5,350.2,349.2,330.8,328.3,338.9,345.3,316.2
Trends,Table 2-1,61,Wastewater Treatment,Wastewater,USA,N2O,MMTCO2e,16.6,17,17.4,17.6,18.1,18.2,18.5,18.6,19,19.6,19.9,19.6,19.9,20.1,20.4,20.3,20.7,20.8,20.7,20.6,20.9,21.1,21.8,22,22.1,22.2,22.8,23.2,23.5,23.4,23.5
Trends,Table 2-1,62,Stationary Combustion,StationaryComb,USA,N2O,MMTCO2e,25.1,25,25.2,26,26.5,26.8,27.5,27.9,28.3,28.3,29.8,29.4,30.6,31.8,33.1,34.4,34,34.4,34,31.6,34.2,32.9,30.3,32.7,32.9,30.5,30,28.4,28.2,24.9,23.2
Trends,Table 2-1,63,Manure Management,Manure,USA,N2O,MMTCO2e,13.9,14.1,14.2,14,14.7,15.1,15,15.2,15.4,15.9,16.3,16.2,16.5,16.6,16,16.3,17,17.1,16.9,16.9,16.9,17.2,17.3,17.3,17.3,17.8,18.4,19,19.3,19.5,19.7
Trends,Table 2-1,64,Mobile Combustion,MobileComb,USA,N2O,MMTCO2e,44.6,46.5,49.4,51.5,53.4,55,56.3,57.4,57.8,55.3,54.1,51.8,49.9,47.9,45.7,41.4,41.6,36.3,33.8,32.1,31.1,29.7,27.4,25.7,23.9,22.1,21.1,20.1,19.2,20,17.4
Trends,Table 2-1,65,Nitric Acid Production,Nitric,USA,N2O,MMTCO2e,12.1,12.1,12.4,12.6,13.3,13.5,14.1,14.4,14.2,13.7,13.3,10.8,11.7,11,10.9,11.3,11.1,13.2,11.3,9.6,11.5,10.9,10.5,10.7,10.9,11.6,10.1,9.3,9.6,10,9.3
Trends,Table 2-1,66,Adipic Acid Production,Adipic,USA,N2O,MMTCO2e,15.2,14.9,13,13.9,13.5,16.9,16.7,9.4,5.1,4.7,5.3,4.5,4.9,5.5,3.7,7.1,8.6,10.3,2.5,2.7,4.2,10.2,5.5,3.9,5.4,4.3,7.1,7.5,10.5,5.3,8.3
Trends,Table 2-1,67,N2O from Product Uses,N2OProdUse,USA,N2O,MMTCO2e,4.2,4.1,3.9,4.4,4.4,4.4,4.4,4.7,4.7,4.7,4.7,4.7,4.2,4.2,4.2,4.2,4.2,4.2,4.2,4.2,4.2,4.2,4.2,4.2,4.2,4.2,4.2,4.2,4.2,4.2,4.2
Trends,Table 2-1,68,Composting,Compost,USA,N2O,MMTCO2e,0.3,0.4,0.4,0.6,0.7,0.8,0.9,1,1.1,1.2,1.3,1.3,1.4,1.5,1.7,1.7,1.7,1.8,1.8,1.7,1.6,1.7,1.7,1.8,1.9,1.9,2,2.2,2,2,2
Trends,Table 2-1,69,"Caprolactam, Glyoxal, and Glyoxylic Acid Production",CaproGlyAcid,USA,N2O,MMTCO2e,1.7,1.6,1.7,1.7,1.9,1.9,1.9,2,2,2,2,1.9,2,2,2.1,2.1,2.1,2.2,2.1,2.1,2.2,2.2,2.1,2.1,2,1.9,1.7,1.5,1.4,1.4,1.2
Trends,Table 2-1,70,Incineration of Waste,WasteIncin,USA,N2O,MMTCO2e,0.5,0.4,0.4,0.4,0.4,0.4,0.4,0.4,0.4,0.4,0.4,0.4,0.4,0.4,0.4,0.4,0.4,0.4,0.4,0.4,0.4,0.4,0.4,0.4,0.4,0.4,0.4,0.4,0.4,0.4,0.4
Trends,Table 2-1,71,Electronics Industry,Electronics,USA,N2O,MMTCO2e,+ ,0,0,0,0,0.1,0.1,0.1,0.1,0.1,0.1,0.1,0.1,0.1,0.1,0.1,0.2,0.2,0.2,0.1,0.1,0.2,0.2,0.2,0.2,0.2,0.2,0.3,0.3,0.2,0.3
Trends,Table 2-1,72,Field Burning of Agricultural Residues,FieldBurn,USA,N2O,MMTCO2e,0.2,0.2,0.2,0.2,0.2,0.1,0.2,0.2,0.2,0.2,0.2,0.2,0.2,0.2,0.2,0.2,0.2,0.2,0.2,0.2,0.2,0.2,0.2,0.2,0.2,0.2,0.2,0.2,0.2,0.2,0.2
Trends,Table 2-1,73,Petroleum Systems,PetSys,USA,N2O,MMTCO2e,+ ,0,0,0,0,0,0,0,0,0,0,0,0,0,0,0,0,0,0,0,0,0,0,0,0,0,0,0,0,0,0
Trends,Table 2-1,74,Natural Gas Systems,NGSys,USA,N2O,MMTCO2e,+ ,0,0,0,0,0,0,0,0,0,0,0,0,0,0,0,0,0,0,0,0,0,0,0,0,0,0,0,0,0,0
Trends,Table 2-1,75,International Bunker Fuelsb,Bunkers,USA,N2O,MMTCO2e,0.9,1,0.9,0.8,0.8,0.8,0.8,0.9,0.9,0.9,0.9,0.8,0.8,0.8,0.9,1,1,1,1,0.9,1,1,0.9,0.9,0.9,1,1,1.1,1.1,1,0.6
Trends,Table 2-1,,"HFCs, PFCs, SF6 and NF3",,USA,F-gases,MMTCO2e,,,,,,,,,,,,,,,,,,,,,,,,,,,,,,,
Trends,Table 2-1,76,HFCs,,USA,HFCs,MMTCO2e,46.5,42.1,47.9,48.1,54.9,74.3,84.7,95.4,115.8,113.2,118.1,113.9,120.8,114.3,124.6,127.4,131.6,143.2,147.3,146.5,155.4,159.1,158.1,158.7,164,168,168.3,171.1,171,175.9,178.8
Trends,Table 2-1,77,Substitution of Ozone Depleting Substancesd,ODSSubs,USA,HFCs,MMTCO2e,0.2,0.5,1.7,5.9,14.7,32.2,44.9,56.9,65.3,74.1,81.6,88.8,93.9,98.6,102.6,107.2,113.9,121.5,129.8,139.5,147.2,150.1,152.3,154.3,158.6,163.3,165.1,165.5,167.3,171.8,176.2
Trends,Table 2-1,78,HCFC-22 Production,HCFC22,USA,HFCs,MMTCO2e,46.1,41.4,46,41.9,39.9,41.7,39.4,38.1,49.9,38.5,36.2,25,26.7,15.6,21.8,20,17.5,21.5,17.2,6.8,8,8.8,5.5,4.1,5,4.3,2.8,5.2,3.3,3.7,2.1
Trends,Table 2-1,79,Electronics Industry,Electronics,USA,HFCs,MMTCO2e,0.2,0.2,0.2,0.3,0.3,0.4,0.4,0.4,0.5,0.5,0.3,0.2,0.2,0.2,0.2,0.2,0.2,0.2,0.2,0.2,0.2,0.3,0.3,0.3,0.3,0.3,0.3,0.4,0.4,0.4,0.4
Trends,Table 2-1,80,Magnesium Production and Processing,Magnesium,USA,HFCs,MMTCO2e,NO ,NO ,NO ,NO ,NO ,NO ,NO ,NO ,NO ,NO ,NO ,NO ,NO ,NO ,NO ,NO ,0,0,0,0,0,0,0,0.1,0.1,0.1,0.1,0.1,0.1,0.1,0.1
Trends,Table 2-1,81,PFCs,,USA,PFCs,MMTCO2e,24.3,20.9,19.5,19.5,18,18.6,19.9,18.3,17,16.9,15.9,8.3,10.3,8.2,6.8,6.7,6.5,8,6.4,4.1,4.8,7.3,6.4,6.2,5.8,5.2,4.4,4.2,4.8,4.6,4.4
Trends,Table 2-1,82,Electronics Industry,Electronics,USA,PFCs,MMTCO2e,2.8,2.8,2.8,3.5,3.9,4.9,5.4,5.7,7,7.1,6,4.2,4.2,3.8,3.5,3.3,3.5,3.3,3,2.1,2.8,3.7,3.3,3,3.1,3.1,3,3,3.1,2.8,2.7
Trends,Table 2-1,83,Aluminum Production,Aluminum,USA,PFCs,MMTCO2e,21.5,18.1,16.7,16,14.1,13.8,14.5,12.6,10,9.8,9.9,4,6.1,4.4,3.3,3.4,3,4.7,3.3,2,2,3.6,3.1,3.1,2.6,2.1,1.4,1.1,1.6,1.8,1.7
Trends,Table 2-1,84,Substitution of Ozone Depleting Substancesd,ODSSubs,USA,PFCs,MMTCO2e,NO ,NO ,NO ,NO ,NO ,NO ,NO ,NO ,NO ,NO ,NO ,NO ,NO ,NO ,NO ,0,0,0,0,0,0,0,0,0,0,0,0,0,0.1,0.1,0.1
Trends,Table 2-1,86,SF6,,USA,SF6,MMTCO2e,28.8,27.6,27.8,27.4,26.1,24.9,24.3,22.7,19.9,19.7,16.6,15.4,14.2,13.9,12.5,11.8,10.5,9.2,8.4,7.3,7.3,8.2,6.7,6.4,6.3,5.5,6,5.9,5.7,5.9,5.4
Trends,Table 2-1,87,Electrical Transmission and Distribution,EPS,USA,SF6,MMTCO2e,23.2,22.2,22.1,21.5,20.2,18.6,17,15.6,13.3,13.6,12.7,12,10.8,9.9,9.1,8.3,7,6.3,6.1,5.9,5.7,5.8,4.6,4.4,4.7,3.7,4.1,4.2,3.8,4.2,3.8
Trends,Table 2-1,88,Magnesium Production and Processing,Magnesium,USA,SF6,MMTCO2e,5.2,4.9,5.2,5.3,5.2,5.4,6.3,6,5.4,4.8,2.9,2.7,2.8,3.3,2.7,2.7,2.8,2.5,1.8,1,1.2,1.7,1.4,1.3,0.9,1,1.1,1,1,0.9,0.9
Trends,Table 2-1,89,Electronics Industry,Electronics,USA,SF6,MMTCO2e,0.5,0.5,0.5,0.6,0.7,0.9,1,1,1.2,1.3,1,0.7,0.6,0.7,0.7,0.7,0.7,0.5,0.4,0.3,0.4,0.7,0.7,0.7,0.7,0.8,0.8,0.7,0.8,0.8,0.7
Trends,Table 2-1,90,NF3,,USA,NF3,MMTCO2e,+ ,0,0,0.1,0.1,0.1,0.1,0.1,0.1,0.1,0.2,0.2,0.6,0.5,0.5,0.5,0.7,0.6,0.6,0.5,0.6,0.6,0.6,0.5,0.5,0.6,0.6,0.6,0.6,0.6,0.6
Trends,Table 2-1,91,Electronics Industry,Electronics,USA,NF3,MMTCO2e,+ ,0,0,0.1,0.1,0.1,0.1,0.1,0.1,0.1,0.2,0.2,0.6,0.5,0.5,0.5,0.7,0.6,0.6,0.5,0.6,0.6,0.6,0.5,0.5,0.6,0.6,0.6,0.6,0.6,0.6
Trends,Table 2-1,,Unspecified Mix of HFCs and PFCs,,USA,Mix,MMTCO2e,+,+,+,+,+,+,+,+,+,+,+,+,+,+,+,+,+,+,+,+,+,+,+,+,+,+,+,+,+,+,+
Trends,Table 2-1,,Electronics Industry,Electronics,USA,Mix,MMTCO2e,+,+,+,+,+,+,+,+,+,+,+,+,+,+,+,+,+,+,+,+,+,+,+,+,+,+,+,+,+,+,+
Trends,Table 2-1,92,Total Emissions,GrossTotal,USA,Total,MMTCO2e,"6,453.50","6,382.90","6,497.30","6,613.40","6,700.80","6,785.40","6,990.90","7,046.20","7,094.80","7,138.10","7,327.60","7,219.20","7,259.20","7,313.80","7,428.40","7,434.80","7,360.80","7,463.80","7,240.60","6,787.30","7,007.40","6,845.10","6,606.50","6,784.50","6,843.40","6,689.00","6,537.90","6,501.00","6,687.50","6,571.70","5,981.40"
Trends,Table 2-1,93,LULUCF Emissionsc,,USA,Mix,MMTCO2e,31.4,30.7,28.8,28.8,32.1,28.5,31.2,28.1,28.6,32.5,37.4,31.6,40.7,36.5,46.3,41.3,37.9,42.4,36,38,30.4,35.6,37.8,37.1,33,48.9,35.4,45.5,39.8,30.3,53.2
Trends,Table 2-1,94,LULUCF CH4 Emissions,,USA,CH4,MMTCO2e,27.2,26.5,25.4,25.3,26.8,25,26.2,24.7,25.1,27,29.4,26.2,31.2,28.9,33.2,30.9,29,31.6,28,29.1,25.4,27.9,29.3,29.3,26.9,36,28.3,34,30.7,25.5,38.1
Trends,Table 2-1,95,LULUCF N2O Emissions,,USA,N2O,MMTCO2e,4.2,4.2,3.4,3.5,5.2,3.5,5,3.4,3.5,5.5,8,5.3,9.5,7.6,13.2,10.5,8.8,10.8,8,8.9,5,7.7,8.5,7.8,6.1,12.9,7.1,11.5,9.1,4.8,15.2
Trends,Table 2-1,96,LULUCF Carbon Stock Changee,,USA,CO2,MMTCO2e,-892,-900.6,-891.2,-873,-889.6,-860.3,-883.3,-861.5,-863.9,-860.6,-862.6,-860.4,-831.2,-857.3,-775.8,-831.1,-855.1,-818.7,-802.5,-772.5,-791.4,-836.3,-837.7,-804.5,-814.4,-748.9,-862,-826.7,-809,-760.8,-812.2
Trends,Table 2-1,97,LULUCF Sector Net Totalf,LULUCF,USA,Total,MMTCO2e,-860.6,-869.9,-862.4,-844.2,-857.5,-831.8,-852.1,-833.4,-835.3,-828,-825.2,-828.8,-790.5,-820.8,-729.5,-789.8,-817.2,-776.4,-766.5,-734.5,-761,-800.7,-799.9,-767.4,-781.4,-700.1,-826.6,-781.2,-769.3,-730.5,-758.9
Trends,Table 2-1,98,Net Emissions (Sources and Sinks),NetTotal,USA,Total,MMTCO2e,"5,592.80","5,513.00","5,634.80","5,769.20","5,843.30","5,953.60","6,138.80","6,212.80","6,259.60","6,310.10","6,502.40","6,390.40","6,468.60","6,493.00","6,699.00","6,645.00","6,543.60","6,687.40","6,474.20","6,052.80","6,246.40","6,044.40","5,806.60","6,017.10","6,062.00","5,988.90","5,711.20","5,719.80","5,918.20","5,841.20","5,222.40"
,,,,,,,,,,,,,,,,,,,,,,,,,,,,,,,,,,,,,,
Trends,Table 2-2,14,Petrochemical Production,Petrochem,USA,CO2,kt,"21,611","23,053","23,660","24,606","26,573","27,949","29,096","30,493","30,851","32,301","31,571","27,630","28,676","28,452","30,671","27,383","27,627","28,072","24,744","23,800","27,262","26,338","26,501","26,395","26,496","28,062","28,110","28,890","29,314","30,702","30,011"
Trends,Table 2-2,16,Ammonia Production,Ammonia,USA,CO2,kt,"13,047","13,279","13,683","13,205","14,151","13,541","13,836","14,028","14,143","12,948","12,171","9,223","10,487","8,802","9,554","9,177","8,764","9,060","8,397","8,434","9,170","8,211","8,931","9,461","9,359","10,616","10,245","11,112","12,163","12,272","12,717"
Trends,Table 2-2,17,Lime Production,LimeProd,USA,CO2,kt,"11,700","11,539","11,927","12,279","12,736","13,538","14,242","14,498","14,792","14,425","14,282","13,722","13,169","13,907","14,613","14,552","15,243","14,721","14,505","11,411","13,381","13,982","13,785","14,028","14,210","13,342","12,630","12,882","13,106","12,112","11,299"
Trends,Table 2-2,15,Incineration of Waste,WasteIncin,USA,CO2,kt,"12,937","11,201","13,024","13,001","14,072","14,366","14,547","13,764","12,818","12,343","13,055","13,023","13,058","13,202","13,277","13,283","14,374","14,272","13,939","13,489","12,853","12,741","13,393","14,135","14,058","14,167","14,356","13,161","13,339","12,948","13,133"
Trends,Table 2-2,18,Other Process Uses of Carbonates,CarbonateUse,USA,CO2,kt,"6,233","5,610","5,554","5,170","5,451","7,348","7,956","7,691","7,848","8,636","5,763","5,979","6,280","4,868","6,691","7,459","8,560","7,867","6,701","8,652","10,615","9,721","8,938","10,897","12,581","12,144","10,813","9,869","7,351","9,848","9,794"
Trends,Table 2-2,19,Urea Consumption for Non-Agricultural Purposes,UreaConsNonAg,USA,CO2,kt,"3,784","3,501","3,863","4,568","4,268","4,255","3,859","3,931","4,844","4,650","4,231","4,072","3,700","3,558","3,673","3,653","3,519","4,944","4,065","3,427","4,730","5,093","4,820","4,556","1,809","4,651","5,330","5,182","6,030","6,044","5,983"
Trends,Table 2-2,20,Urea Fertilization,UreaFert,USA,CO2,kt,"2,417","2,313","2,448","2,637","2,683","2,657","2,587","2,691","2,947","3,016","3,214","3,414","3,572","3,685","3,653","3,504","3,656","3,757","3,613","3,555","3,778","4,097","4,282","4,443","4,512","4,655","4,679","4,897","5,019","5,140","5,275"
Trends,Table 2-2,21,Carbon Dioxide Consumption,CO2Cons,USA,CO2,kt,"1,472","1,469","1,463","1,470","1,476","1,477","1,486","1,484","1,481","1,479","1,478",894,"1,047","1,365","1,259","1,375","1,758","1,922","1,834","1,795","4,425","4,083","4,019","4,188","4,471","4,940","4,640","4,580","4,130","4,870","4,970"
Trends,Table 2-2,22,Liming,Liming,USA,CO2,kt,"4,667","5,009","4,415","3,785","4,141","4,392","4,368","4,280","4,721","4,458","4,328","4,411","4,976","4,575","3,902","4,349","4,220","4,464","5,025","3,669","4,784","3,873","5,978","3,907","3,609","3,737","3,081","3,080","2,248","2,413","2,382"
Trends,Table 2-2,26,Soda Ash Production,SodaAsh,USA,CO2,kt,"1,431","1,431","1,451","1,412","1,422","1,607","1,587","1,665","1,607","1,548","1,529","1,500","1,470","1,509","1,607","1,655","1,626","1,675","1,733","1,470","1,548","1,607","1,665","1,694","1,685","1,714","1,723","1,753","1,714","1,792","1,461"
Trends,Table 2-2,27,Ferroalloy Production,Ferroalloy,USA,CO2,kt,"2,152","1,929","1,957","1,904","2,021","2,036","2,133","2,226","2,218","2,185","1,893","1,459","1,349","1,305","1,419","1,392","1,505","1,552","1,599","1,469","1,663","1,735","1,903","1,785","1,914","1,960","1,796","1,975","2,063","1,598","1,377"
Trends,Table 2-2,28,Titanium Dioxide Production,TiO2,USA,CO2,kt,"1,195","1,211","1,392","1,416","1,526","1,526","1,514","1,677","1,662","1,693","1,752","1,697","1,824","1,839","2,064","1,755","1,836","1,930","1,809","1,648","1,769","1,729","1,528","1,715","1,688","1,635","1,662","1,688","1,541","1,474","1,340"
Trends,Table 2-2,24,Glass Production,Glass,USA,CO2,kt,"2,291","2,176","2,270","2,302","2,374","2,363","2,396","2,499","2,560","2,601","2,576","2,451","2,462","2,416","2,452","2,432","2,428","2,332","2,233","1,921","2,073","2,074","2,023","2,030","2,024","2,023","2,119","2,011","1,989","1,938","1,857"
Trends,Table 2-2,29,Zinc Production,Zinc,USA,CO2,kt,632,809,843,931,918,865,924,971,885,865,944,713,746,"1,096","1,030","1,030","1,030","1,024","1,158",943,"1,182","1,286","1,485","1,381",909,886,838,900,999,"1,026","1,008"
Trends,Table 2-2,30,Phosphoric Acid Production,Phosphoric,USA,CO2,kt,"1,529","1,398","1,509","1,304","1,519","1,513","1,551","1,544","1,593","1,539","1,382","1,264","1,338","1,382","1,395","1,342","1,160","1,203","1,132",977,"1,087","1,171","1,118","1,149","1,037",999,998,"1,025",937,909,938
Trends,Table 2-2,31,Lead Production,Lead,USA,CO2,kt,516,485,488,486,507,553,563,585,588,587,594,563,561,574,546,553,560,562,547,525,542,538,527,546,459,473,500,513,513,527,495
Trends,Table 2-2,32,Carbide Production and Consumption,Carbide,USA,CO2,kt,243,156,184,165,194,198,225,237,263,193,200,169,178,197,218,213,201,190,171,142,177,167,154,165,169,176,170,181,184,175,154
Trends,Table 2-2,33,Abandoned Oil and Gas Wells,AbandonedWells,USA,CO2,kt,6,6,6,7,7,7,7,7,7,7,7,7,7,7,7,7,7,7,7,7,7,7,7,7,7,7,7,7,7,7,7
Trends,Table 2-2,34,Magnesium Production and Processing,Magnesium,USA,CO2,kt,129,128,128,128,139,147,147,147,147,147,147,109,3,3,3,3,3,3,2,1,2,3,2,2,2,3,3,3,2,1,1
Trends,Table 2-2,35,"Wood Biomass, Ethanol, and Biodiesel Consumption a",BiomassBiofuels,USA,CO2,kt,"219,413","220,165","230,609","225,797","232,298","236,907","241,332","235,579","218,236","221,493","227,435","203,427","204,703","209,935","225,419","230,700","236,298","244,574","257,532","253,936","290,647","296,152","289,598","315,545","323,187","317,742","316,853","312,717","319,805","317,231","291,613"
Trends,Table 2-2,36,International Bunker Fuels b,Bunkers,USA,CO2,kt,"103,634","117,740","108,002","97,965","96,812","98,609","99,861","107,063","110,594","102,834","101,895","93,890","94,600","98,484","108,610","113,328","114,269","115,463","114,458","106,511","117,101","111,746","105,889","99,840","103,488","110,980","116,682","120,192","122,179","116,132","69,638"
Trends,Table 2-2,47,Abandoned Oil and Gas Wells,AbandonedWells,USA,CH4,kt,261,263,265,266,268,269,270,271,271,272,272,274,274,274,273,273,273,272,272,272,273,272,272,273,273,274,275,276,277,279,276
Trends,Table 2-2,48,Abandoned Underground Coal Mines,AbandonedMines,USA,CH4,kt,288,294,317,328,387,392,403,360,329,332,350,319,293,286,276,264,261,254,253,254,263,257,249,249,253,256,268,257,247,237,231
Trends,Table 2-2,49,Composting,Compost,USA,CH4,kt,15,17,20,25,31,35,40,44,48,53,60,60,61,69,74,75,75,79,80,75,73,75,77,81,84,85,91,98,90,91,91
Trends,Table 2-2,51,Field Burning of Agricultural Residues,FieldBurn,USA,CH4,kt,15,14,15,15,15,12,17,16,15,15,14,15,17,20,17,17,15,16,17,16,18,14,16,17,18,18,17,17,17,17,17
Trends,Table 2-2,53,Petrochemical Production,Petrochem,USA,CH4,kt,9,9,9,11,12,12,13,14,14,13,12,8,8,8,7,3,2,2,2,2,2,2,3,3,5,7,10,10,12,13,13
Trends,Table 2-2,55,Ferroalloy Production,Ferroalloy,USA,CH4,kt,1,1,1,1,1,1,1,1,1,1,1,+ ,+ ,+ ,+ ,+ ,+ ,+ ,+ ,+ ,+ ,+ ,1,+ ,1,1,1,1,1,+ ,+ 
Trends,Table 2-2,54,Carbide Production and Consumption,Carbide,USA,CH4,kt,1,+ ,1,+ ,1,+ ,+ ,+ ,+ ,+ ,+ ,+ ,+ ,+ ,+ ,+ ,+ ,+ ,+ ,+ ,+ ,+ ,+ ,+ ,+ ,+ ,+ ,+ ,+ ,+ ,+ 
Trends,Table 2-2,57,Incineration of Waste,WasteIncin,USA,CH4,kt,+ ,+ ,+ ,+ ,+ ,+ ,+ ,+ ,+ ,+ ,+ ,+ ,+ ,+ ,+ ,+ ,+ ,+ ,+ ,+ ,+ ,+ ,+ ,+ ,+ ,+ ,+ ,+ ,+ ,+ ,+ 
Trends,Table 2-2,58,International Bunker Fuels b,Bunkers,USA,CH4,kt,7,7,6,5,5,5,5,5,6,5,4,4,4,4,5,5,5,5,6,5,6,5,4,3,3,4,4,4,4,4,3
Trends,Table 2-2,65,Nitric Acid Production,Nitric,USA,N2O,kt,41,41,42,42,45,45,47,48,48,46,45,36,39,37,37,38,37,44,38,32,39,37,35,36,37,39,34,31,32,34,31
Trends,Table 2-2,67,N2O from Product Uses,N2OProdUse,USA,N2O,kt,14,14,13,15,15,15,15,16,16,16,16,16,14,14,14,14,14,14,14,14,14,14,14,14,14,14,14,14,14,14,14
Trends,Table 2-2,49,Composting,Compost,USA,N2O,kt,1,1,1,2,2,3,3,3,4,4,4,5,5,5,6,6,6,6,6,6,5,6,6,6,6,6,7,7,7,7,7
Trends,Table 2-2,69,"Caprolactam, Glyoxal, and Glyoxylic Acid Production",CaproGlyAcid,USA,N2O,kt,6,5,6,6,6,7,6,7,7,7,7,6,7,7,7,7,7,7,7,7,8,8,7,7,7,6,6,5,5,5,4
Trends,Table 2-2,15,Incineration of Waste,WasteIncin,USA,N2O,kt,2,1,1,1,1,1,1,1,1,1,1,1,1,1,1,1,1,1,1,1,1,1,1,1,1,1,1,1,1,1,1
Trends,Table 2-2,51,Field Burning of Agricultural Residues,FieldBurn,USA,N2O,kt,1,1,1,1,1,0,1,1,1,1,1,1,1,1,1,1,1,1,1,1,1,1,1,1,1,1,1,1,1,1,1
Trends,Table 2-2,75,International Bunker Fuels b,Bunkers,USA,N2O,kt,3,3,3,3,3,3,3,3,3,3,3,3,3,3,3,3,3,3,3,3,3,3,3,3,3,3,3,4,4,3,2
,,,,,,,,,,,,,,,,,,,,,,,,,,,,,,,,,,,,,,
Trends,Table 2-10,1,Transportation,,USA,Total,MMTCO2e,"1,526.40","1,480.30","1,539.90","1,576.90","1,631.80","1,667.00","1,723.30","1,749.90","1,792.30","1,863.30","1,913.60","1,885.40","1,926.00","1,933.30","1,965.90","1,975.50","1,975.90","1,974.40","1,870.90","1,796.30","1,802.30","1,768.60","1,748.90","1,751.50","1,785.40","1,793.40","1,828.00","1,845.20","1,874.70","1,874.30","1,627.60"
Trends,Table 2-10,2,CO2 from Fossil Fuel Combustion,FFCTrans,USA,Total,MMTCO2e,"1,468.90","1,422.30","1,477.60","1,508.60","1,554.00","1,580.70","1,627.40","1,643.50","1,678.90","1,746.30","1,792.20","1,762.50","1,803.00","1,812.00","1,845.20","1,858.60","1,859.10","1,860.70","1,759.70","1,688.50","1,696.80","1,670.60","1,659.60","1,669.10","1,707.30","1,718.20","1,757.60","1,780.00","1,812.80","1,813.80","1,572.00"
Trends,Table 2-10,3,Substitution of Ozone Depleting Substances,ODSSubsTrans,USA,Total,MMTCO2e,+ , NO ,1.2,5.1,12.4,19.6,28.4,37.4,43.8,50.2,56.2,62,64.5,66.2,68.2,69.3,70.3,71.2,71.9,71.1,68.1,62.4,57.1,51.6,48.8,46.3,43.3,40.1,38.5,36.7,35
Trends,Table 2-10,4,Mobile Combustion,MobileCombTrans,USA,Total,MMTCO2e,45.7,47.4,50.3,52.2,54,55.4,56.6,57.3,57.5,54.5,53.1,49.9,47.6,45,42.2,37.5,36.5,32.3,29.9,28.2,27,25.6,23.1,21.2,19.3,17.9,16.7,15.5,14.3,15,12.5
Trends,Table 2-10,5,Non-Energy Use of Fuels,NEUTrans,USA,Total,MMTCO2e,11.8,10.6,10.8,11,11.5,11.3,11,11.6,12.1,12.2,12.1,11.1,10.9,10.1,10.2,10.2,9.9,10.2,9.5,8.5,10.4,10,9.1,9.6,10,11,10.4,9.6,9.2,8.8,8
Trends,Table 2-10,6,Electric Power Industry,,USA,Total,MMTCO2e,"1,880.50","1,874.80","1,890.10","1,965.60","1,990.30","2,006.90","2,079.40","2,144.90","2,231.50","2,244.80","2,351.10","2,311.40","2,326.80","2,358.00","2,390.80","2,456.70","2,401.20","2,467.20","2,414.10","2,198.30","2,314.00","2,211.80","2,073.80","2,092.30","2,092.50","1,952.70","1,860.50","1,780.60","1,799.80","1,651.00","1,482.20"
Trends,Table 2-10,7,CO2 from Fossil Fuel Combustion,FFCElec,USA,Total,MMTCO2e,"1,820.00","1,817.40","1,830.70","1,906.20","1,930.50","1,947.20","2,020.20","2,087.50","2,176.60","2,189.70","2,296.20","2,257.20","2,272.20","2,303.70","2,335.10","2,400.10","2,344.40","2,411.10","2,359.30","2,145.40","2,258.60","2,158.10","2,023.30","2,038.30","2,037.20","1,900.60","1,808.90","1,732.00","1,752.90","1,606.10","1,439.00"
Trends,Table 2-10,8,Stationary Combustion,StationaryCombElectric,USA,Total,MMTCO2e,20.9,20.9,21.1,21.9,22.4,22.6,23.2,23.7,24.5,24.5,25.9,25.8,27.1,28.3,29.6,30.9,30.7,31.2,31,28.8,31.1,29.9,27.6,29.7,29.9,27.7,27.4,25.9,25.6,22.3,21
Trends,Table 2-10,9,Incineration of Waste,WasteIncin,USA,Total,MMTCO2e,13.4,11.6,13.5,13.4,14.5,14.8,15,14.2,13.2,12.7,13.4,13.4,13.4,13.6,13.7,13.7,14.8,14.7,14.3,13.9,13.2,13.2,13.8,14.6,14.5,14.6,14.8,13.6,13.8,13.4,13.5
Trends,Table 2-10,11,Electrical Transmission and Distribution,EPS,USA,Total,MMTCO2e,23.2,22.2,22.1,21.5,20.2,18.6,17,15.6,13.3,13.6,12.7,12,10.8,9.9,9.1,8.4,7.1,6.3,6.1,5.9,5.7,5.8,4.6,4.4,4.7,3.7,4.1,4.2,3.8,4.2,3.8
Trends,Table 2-10,10,Other Process Uses of Carbonates,CarbonateUseElec,USA,Total,MMTCO2e,3.1,2.8,2.8,2.6,2.7,3.7,4,3.8,3.9,4.3,2.9,3,3.1,2.4,3.3,3.7,4.3,3.9,3.4,4.3,5.3,4.9,4.5,5.5,6.3,6.1,5.4,4.9,3.7,4.9,4.9
Trends,Table 2-10,12,Industry,,USA,Total,MMTCO2e,"1,652.40","1,625.50","1,662.30","1,631.90","1,657.50","1,675.10","1,705.10","1,705.20","1,677.80","1,627.10","1,617.00","1,569.90","1,551.00","1,529.10","1,578.00","1,536.20","1,570.60","1,560.40","1,501.60","1,345.90","1,438.80","1,443.30","1,440.00","1,489.50","1,474.60","1,464.00","1,424.40","1,446.70","1,507.60","1,521.70","1,426.20"
Trends,Table 2-10,13,CO2 from Fossil Fuel Combustion,FFCInd,USA,Total,MMTCO2e,810.3,796.2,823.8,822.9,829.5,846.5,879.6,874,848.5,803.2,830.1,826.3,811.1,808.9,827.4,800.7,821.3,815.2,771.9,696.8,749.8,750.4,758.9,788.6,768.6,756.2,752.6,750.6,774.3,776.4,727.2
Trends,Table 2-10,14,Natural Gas Systems,NGSys,USA,Total,MMTCO2e,227.4,230.2,228.7,228.2,229.7,219.7,215.6,216.3,209.8,205.9,207.2,209.3,206.4,204.5,204.6,202.5,207.6,205.6,208.7,199,194.6,193.7,192.5,196.6,194.3,196.5,195,197.7,204.2,210.9,200.3
Trends,Table 2-10,15,Non-Energy Use of Fuels,NEUInd,USA,Total,MMTCO2e,97,102.6,110.7,99.2,109.8,105.8,102.1,112,116.5,135.9,106.7,105.6,104.8,101,118.8,111.2,110.3,98,96.5,82.8,84.5,79.4,79.7,91.3,86.4,96.5,88.4,102.8,119.4,117.7,112.7
Trends,Table 2-10,16,Petroleum Systems,PetSys,USA,Total,MMTCO2e,57.4,57.7,56.9,56.7,55.8,55.9,57.2,57.7,55.7,53.3,53.4,53.8,52.9,54.3,54.8,53.4,56.7,56.7,58.9,54.4,57.4,62.5,67.3,73.5,78.1,75.7,62.3,65.6,75.9,87.1,70.4
Trends,Table 2-10,17,Coal Mining,CoalMining,USA,Total,MMTCO2e,101.1,97.7,95.1,81.1,82,80.8,80.5,80.1,80.3,75.6,72.4,72.3,67.8,68,69.4,68.3,69.7,68.8,79.7,83.7,86,75.1,70.1,68.5,68.6,64.7,56.7,57.9,55.8,50.3,43.4
Trends,Table 2-10,19,Iron and Steel Production,IronSteelMetCoke,USA,Total,MMTCO2e,104.8,95.2,96,91.7,94.5,98.4,96.4,97.6,91.2,89,90.5,79.8,75.8,72.7,72.3,70.1,72.8,74.5,69.9,45.1,58.6,63,57.3,55.2,58.2,48,43.6,40.6,42.6,43.1,37.7
Trends,Table 2-10,18,Cement Production,Cement,USA,Total,MMTCO2e,33.5,32.7,33,34.8,36.3,37.1,37.3,38.6,39.5,40.2,41.4,41.6,43.2,43.3,45.9,46.2,46.9,45.5,41.4,29.6,31.4,32.2,35.3,36.4,39.4,39.9,39.4,40.3,39,40.9,40.7
Trends,Table 2-10,20,Substitution of Ozone Depleting Substances,ODSSubsInd,USA,Total,MMTCO2e,+ ,0,0,0.1,0.1,1.3,2.9,3.4,3.7,4,4,4.2,5.5,7.1,7.8,8.6,9.4,10.3,11.1,13.9,17.1,19.1,20.9,22.8,24.7,27.3,29.9,32.4,34.4,35.7,36.5
Trends,Table 2-10,21,Petrochemical Production,Petrochem,USA,Total,MMTCO2e,21.8,23.3,23.9,24.9,26.9,28.3,29.4,30.8,31.2,32.6,31.9,27.8,28.9,28.7,30.8,27.5,27.7,28.1,24.8,23.8,27.3,26.4,26.6,26.5,26.6,28.2,28.4,29.1,29.6,31,30.3
Trends,Table 2-10,22,Landfills (Industrial),LandfillsInd,USA,Total,MMTCO2e,10.9,11.1,11.3,11.5,11.8,12.1,12.4,12.7,13,13.3,13.6,13.9,14,14.1,14.2,14.4,14.4,14.5,14.6,14.7,14.8,14.8,14.9,14.9,14.9,15,15,15,15,15.1,15.1
Trends,Table 2-10,23,Ammonia Production,Ammonia,USA,Total,MMTCO2e,13,13.3,13.7,13.2,14.2,13.5,13.8,14,14.1,12.9,12.2,9.2,10.5,8.8,9.6,9.2,8.8,9.1,8.4,8.4,9.2,8.2,8.9,9.5,9.4,10.6,10.2,11.1,12.2,12.3,12.7
Trends,Table 2-10,24,Lime Production,Lime,USA,Total,MMTCO2e,11.7,11.5,11.9,12.3,12.7,13.5,14.2,14.5,14.8,14.4,14.3,13.7,13.2,13.9,14.6,14.6,15.2,14.7,14.5,11.4,13.4,14,13.8,14,14.2,13.3,12.6,12.9,13.1,12.1,11.3
Trends,Table 2-10,25,Nitric Acid Production,Nitric,USA,Total,MMTCO2e,12.1,12.1,12.4,12.6,13.3,13.5,14.1,14.4,14.2,13.7,13.3,10.8,11.7,11,10.9,11.3,11.1,13.2,11.3,9.6,11.5,10.9,10.5,10.7,10.9,11.6,10.1,9.3,9.6,10,9.3
Trends,Table 2-10,27,Wastewater Treatment (Industrial),WastewaterInd,USA,Total,MMTCO2e,6,6.1,6.2,6.3,6.6,6.5,6.5,6.6,6.6,6.7,6.6,6.4,6.5,6.4,6.4,6.5,6.6,6.7,6.7,6.4,6.5,6.5,6.5,6.4,6.3,6.4,6.6,6.7,6.8,6.9,6.9
Trends,Table 2-10,28,Abandoned Oil and Gas Wells,AbandonedWells,USA,Total,MMTCO2e,6.5,6.6,6.6,6.7,6.7,6.7,6.8,6.8,6.8,6.8,6.8,6.8,6.8,6.8,6.8,6.8,6.8,6.8,6.8,6.8,6.8,6.8,6.8,6.8,6.8,6.8,6.9,6.9,6.9,7,6.9
Trends,Table 2-10,31,Mobile Combustion,MobileCombInd,USA,Total,MMTCO2e,3.9,4,4.1,4.1,4.1,4.2,4.3,4.4,4.5,4.5,4.6,5.2,5.3,5.6,5.9,6.1,6.9,6,5.9,5.6,5.8,5.7,5.7,5.9,5.8,5.5,5.6,5.8,6,6.1,5.7
Trends,Table 2-10,29,Urea Consumption for Non-Agricultural Purposes,UreaConsNonAg,USA,Total,MMTCO2e,3.8,3.5,3.9,4.6,4.3,4.3,3.9,3.9,4.8,4.7,4.2,4.1,3.7,3.6,3.7,3.7,3.5,4.9,4.1,3.4,4.7,5.1,4.8,4.6,1.8,4.7,5.3,5.2,6,6,6
Trends,Table 2-10,30,Abandoned Underground Coal Mines,AbandonedMines,USA,Total,MMTCO2e,7.2,7.3,7.9,8.2,9.7,9.8,10.1,9,8.2,8.3,8.8,8,7.3,7.2,6.9,6.6,6.5,6.3,6.3,6.4,6.6,6.4,6.2,6.2,6.3,6.4,6.7,6.4,6.2,5.9,5.8
Trends,Table 2-10,26,Adipic Acid Production,Adipic,USA,Total,MMTCO2e,15.2,14.9,13,13.9,13.5,16.9,16.7,9.4,5.1,4.7,5.3,4.5,4.9,5.5,3.7,7.1,8.6,10.3,2.5,2.7,4.2,10.2,5.5,3.9,5.4,4.3,7.1,7.5,10.5,5.3,8.3
Trends,Table 2-10,32,Carbon Dioxide Consumption,CO2Cons,USA,Total,MMTCO2e,1.5,1.5,1.5,1.5,1.5,1.5,1.5,1.5,1.5,1.5,1.5,0.9,1,1.4,1.3,1.4,1.8,1.9,1.8,1.8,4.4,4.1,4,4.2,4.5,4.9,4.6,4.6,4.1,4.9,5
Trends,Table 2-10,34,Electronics Industry,Electronics,USA,Total,MMTCO2e,3.6,3.6,3.6,4.5,5,6.3,6.9,7.3,9,9.1,7.7,5.4,5.6,5.3,5.1,4.8,5.3,4.8,4.5,3.3,4.1,5.5,5.1,4.7,4.9,5,5,4.9,5.1,4.7,4.7
Trends,Table 2-10,35,N2O from Product Uses,N2OProdUse,USA,Total,MMTCO2e,4.2,4.1,3.9,4.4,4.4,4.4,4.4,4.7,4.7,4.7,4.7,4.7,4.2,4.2,4.2,4.2,4.2,4.2,4.2,4.2,4.2,4.2,4.2,4.2,4.2,4.2,4.2,4.2,4.2,4.2,4.2
Trends,Table 2-10,36,Stationary Combustion,StationaryCombInd,USA,Total,MMTCO2e,4.9,4.7,4.9,4.9,5.1,5.2,5.3,5.4,5.1,4.9,5,4.7,4.5,4.5,4.7,4.7,4.8,4.6,4.3,3.7,4.3,4.3,4.3,4.4,4.3,4.2,4.2,4.1,4,4,3.7
Trends,Table 2-10,33,Other Process Uses of Carbonates,CarbonateUseInd,USA,Total,MMTCO2e,3.1,2.8,2.8,2.6,2.7,3.7,4,3.8,3.9,4.3,2.9,3,3.1,2.4,3.3,3.7,4.3,3.9,3.4,4.3,5.3,4.9,4.5,5.4,6.3,6.1,5.4,4.9,3.7,4.9,4.9
Trends,Table 2-10,38,HCFC-22 Production,HCFC22,USA,Total,MMTCO2e,46.1,41.4,46,41.9,39.9,41.7,39.4,38.1,49.9,38.5,36.2,25,26.7,15.6,21.8,20,17.5,21.5,17.2,6.8,8,8.8,5.5,4.1,5,4.3,2.8,5.2,3.3,3.7,2.1
Trends,Table 2-10,37,Aluminum Production,Aluminum,USA,Total,MMTCO2e,28.3,25.1,23.5,22.2,19.6,19.4,20.4,18.6,16.2,16.1,16,8.4,10.6,8.9,7.5,7.6,6.8,8.9,7.8,5,4.7,6.9,6.5,6.4,5.5,4.9,2.7,2.3,3.1,3.6,3.4
Trends,Table 2-10,40,Soda Ash Production,SodaAsh,USA,Total,MMTCO2e,1.4,1.4,1.5,1.4,1.4,1.6,1.6,1.7,1.6,1.5,1.5,1.5,1.5,1.5,1.6,1.7,1.6,1.7,1.7,1.5,1.5,1.6,1.7,1.7,1.7,1.7,1.7,1.8,1.7,1.8,1.5
Trends,Table 2-10,41,Ferroalloy Production,Ferroalloy,USA,Total,MMTCO2e,2.2,1.9,2,1.9,2,2.1,2.1,2.2,2.2,2.2,1.9,1.5,1.4,1.3,1.4,1.4,1.5,1.6,1.6,1.5,1.7,1.7,1.9,1.8,1.9,2,1.8,2,2.1,1.6,1.4
Trends,Table 2-10,42,Titanium Dioxide Production,TiO2,USA,Total,MMTCO2e,1.2,1.2,1.4,1.4,1.5,1.5,1.5,1.7,1.7,1.7,1.8,1.7,1.8,1.8,2.1,1.8,1.8,1.9,1.8,1.6,1.8,1.7,1.5,1.7,1.7,1.6,1.7,1.7,1.5,1.5,1.3
Trends,Table 2-10,43,"Caprolactam, Glyoxal, and Glyoxylic Acid Production",CaproGlyAcid,USA,Total,MMTCO2e,1.7,1.6,1.7,1.7,1.9,1.9,1.9,2,2,2,2,1.9,2,2,2.1,2.1,2.1,2.2,2.1,2.1,2.2,2.2,2.1,2.1,2,1.9,1.7,1.5,1.4,1.4,1.2
Trends,Table 2-10,39,Glass Production,Glass,USA,Total,MMTCO2e,2.3,2.2,2.3,2.3,2.4,2.4,2.4,2.5,2.6,2.6,2.6,2.5,2.5,2.4,2.5,2.4,2.4,2.3,2.2,1.9,2.1,2.1,2,2,2,2,2.1,2,2,1.9,1.9
Trends,Table 2-10,44,Zinc Production,Zinc,USA,Total,MMTCO2e,0.6,0.8,0.8,0.9,0.9,0.9,0.9,1,0.9,0.9,0.9,0.7,0.7,1.1,1,1,1,1,1.2,0.9,1.2,1.3,1.5,1.4,0.9,0.9,0.8,0.9,1,1,1
Trends,Table 2-10,46,Magnesium Production and Processing,Magnesium,USA,Total,MMTCO2e,5.3,5.1,5.3,5.4,5.3,5.5,6.5,6.2,5.6,5,3,2.9,2.8,3.3,2.7,2.7,2.8,2.5,1.8,1,1.2,1.7,1.4,1.4,1,1.1,1.2,1.1,1.1,0.9,0.9
Trends,Table 2-10,45,Phosphoric Acid Production,Phosphoric,USA,Total,MMTCO2e,1.5,1.4,1.5,1.3,1.5,1.5,1.6,1.5,1.6,1.5,1.4,1.3,1.3,1.4,1.4,1.3,1.2,1.2,1.1,1,1.1,1.2,1.1,1.1,1,1,1,1,0.9,0.9,0.9
Trends,Table 2-10,47,Lead Production,Lead,USA,Total,MMTCO2e,0.5,0.5,0.5,0.5,0.5,0.6,0.6,0.6,0.6,0.6,0.6,0.6,0.6,0.6,0.5,0.6,0.6,0.6,0.5,0.5,0.5,0.5,0.5,0.5,0.5,0.5,0.5,0.5,0.5,0.5,0.5
Trends,Table 2-10,48,Carbide Production and Consumption,Carbide,USA,Total,MMTCO2e,0.3,0.2,0.2,0.2,0.2,0.2,0.2,0.2,0.3,0.2,0.2,0.2,0.2,0.2,0.2,0.2,0.2,0.2,0.2,0.2,0.2,0.2,0.2,0.2,0.2,0.2,0.2,0.2,0.2,0.2,0.2
Trends,Table 2-10,49,Agriculture,,USA,Total,MMTCO2e,596.8,587.5,588.3,616.4,603.5,615.7,622.9,611.3,618.2,609.3,594.9,615.5,618.7,619,631.7,626.3,625.8,642.7,631,632.9,641,622.7,606.5,645.2,654.1,656.1,643.4,644.4,657.9,663.9,635.1
Trends,Table 2-10,50,N2O from Agricultural Soil Management,AgSoils,USA,Total,MMTCO2e,316,304.8,302.5,326.1,307.5,313.3,322.5,313.4,317.2,309.2,294.9,317,314.7,315.9,328.8,313.8,309.1,320,316.5,321.2,325,312.5,292.9,340.5,350.2,349.2,330.8,328.3,338.9,345.3,316.2
Trends,Table 2-10,51,Enteric Fermentation,Enteric,USA,Total,MMTCO2e,163.5,163.7,168.5,170.9,173.9,177.8,176.8,173.3,171.4,171.6,169.8,168.8,169.1,169.2,166.1,168,170.8,173.7,173,172.1,170.4,168.2,166,164.9,163,166,171.3,174.9,175.7,176.1,175.2
Trends,Table 2-10,52,Manure Management,Manure,USA,Total,MMTCO2e,48.8,50.7,49.4,50.9,54.2,55.8,55,57,60.6,61.2,61.9,63.2,64.4,64.7,62.5,65.3,66,70.5,68.6,67.4,69.2,69.8,71.8,69.6,69.2,73.2,75.5,76.5,78.7,78.2,79.2
Trends,Table 2-10,53,CO2 from Fossil Fuel Combustion,FFCAg,USA,Total,MMTCO2e,43.4,42.8,42.9,42.9,43.2,43.1,42.8,43.2,42.3,40.2,39.9,41.2,42.2,43.8,48.8,50.8,54.5,51.9,47.9,46.5,46.6,46.8,48,45.8,45.9,41.1,40.2,39.8,39.8,39.7,39.1
Trends,Table 2-10,54,Rice Cultivation,Rice,USA,Total,MMTCO2e,16,16.1,16.1,17.1,15.7,16.5,16.7,15.4,17.1,17.7,19,15.4,17.7,14.7,15.6,18,14.7,15.9,14.1,16.2,18.9,15.3,15.2,13.8,15.4,16.2,15.8,14.9,15.6,15.1,15.7
Trends,Table 2-10,55,Urea Fertilization,UreaFert,USA,Total,MMTCO2e,2.4,2.3,2.4,2.6,2.7,2.7,2.6,2.7,2.9,3,3.2,3.4,3.6,3.7,3.7,3.5,3.7,3.8,3.6,3.6,3.8,4.1,4.3,4.4,4.5,4.7,4.7,4.9,5,5.1,5.3
Trends,Table 2-10,56,Liming,Liming,USA,Total,MMTCO2e,4.7,5,4.4,3.8,4.1,4.4,4.4,4.3,4.7,4.5,4.3,4.4,5,4.6,3.9,4.3,4.2,4.5,5,3.7,4.8,3.9,6,3.9,3.6,3.7,3.1,3.1,2.2,2.4,2.4
Trends,Table 2-10,57,Mobile Combustion,MobileCombAg,USA,Total,MMTCO2e,1.5,1.5,1.5,1.5,1.5,1.5,1.5,1.5,1.5,1.4,1.4,1.4,1.5,1.5,1.7,1.8,2.2,1.8,1.7,1.6,1.6,1.7,1.7,1.6,1.6,1.4,1.4,1.4,1.4,1.4,1.3
Trends,Table 2-10,58,Field Burning of Agricultural Residues,FieldBurn,USA,Total,MMTCO2e,0.5,0.5,0.5,0.6,0.5,0.4,0.6,0.6,0.5,0.6,0.5,0.5,0.6,0.7,0.6,0.6,0.5,0.6,0.6,0.6,0.7,0.5,0.6,0.6,0.6,0.6,0.6,0.6,0.6,0.6,0.6
Trends,Table 2-10,59,Stationary Combustion,StationaryCombAg,USA,Total,MMTCO2e,+ ,+ ,+ ,+ ,+ ,+ ,+ ,+ ,+ ,+ ,+ ,+ ,+ ,+ ,+ ,+ ,+ ,+ ,+ ,+ ,+ ,+ ,+ ,+ ,+ ,+ ,+ ,+ ,+ ,+ ,+ 
Trends,Table 2-10,60,Commercial,,USA,Total,MMTCO2e,427.1,434.3,429.9,423.4,426.6,425.7,433.3,425.8,400.5,396.9,411.2,400.2,401.7,418,415.8,405.4,391.9,405.9,413.2,416.9,419.3,415.1,396,419.3,429.6,442.1,426.9,428.5,444.2,452.1,425.3
Trends,Table 2-10,61,CO2 from Fossil Fuel Combustion,FFCCom,USA,Total,MMTCO2e,228.3,232.7,228,223,224.7,227.8,237.6,237.8,220.1,220.7,236.5,228.5,229,240.1,238,227.1,211.8,223.1,227.5,228,224.5,224.5,200.3,224.2,232.4,244.6,231.5,232,245.8,250.7,226.8
Trends,Table 2-10,62,Landfills (Municipal),LandfillsDom,USA,Total,MMTCO2e,165.7,167.8,167.3,165.1,164.6,159.6,155.9,146.2,136.4,129.6,126.1,121.5,120.1,122.3,119.9,117.2,115,112.8,110.6,108.3,109.3,100.6,101.7,98.1,97.7,96.2,93,94.2,96.7,98.6,94.2
Trends,Table 2-10,63,Substitution of Ozone Depleting Substances,ODSSubsCom,USA,Total,MMTCO2e,+ ,0,0,0.3,1.7,2.5,3.6,5.3,7,8.7,10,12,14.2,16.5,18.6,22.1,25.9,30.7,36,41.8,46.9,51.1,54.4,57.2,59.4,60.8,61.5,61,60.8,62.3,63.5
Trends,Table 2-10,64,Wastewater Treatment (Domestic),WastewaterDom,USA,Total,MMTCO2e,30.9,31.5,32.1,32.3,32.7,32.7,32.8,32.9,33.3,33.9,34.2,33.9,34.1,34.2,34.2,34,34.2,34.1,33.8,33.6,33.7,33.9,34.6,34.5,34.5,34.7,34.9,35,35,34.5,34.8
Trends,Table 2-10,65,Composting,Composting,USA,Total,MMTCO2e,0.7,0.8,0.9,1.2,1.5,1.6,1.9,2.1,2.3,2.5,2.8,2.8,2.9,3.3,3.5,3.5,3.6,3.7,3.8,3.6,3.5,3.5,3.7,3.9,4,4,4.3,4.6,4.3,4.3,4.3
Trends,Table 2-10,66,Stationary Combustion,StationaryCombCom,USA,Total,MMTCO2e,1.5,1.5,1.5,1.5,1.4,1.4,1.5,1.5,1.3,1.4,1.5,1.4,1.4,1.5,1.5,1.4,1.3,1.4,1.4,1.4,1.4,1.4,1.2,1.4,1.4,1.6,1.5,1.5,1.6,1.6,1.5
Trends,Table 2-10,67,Anaerobic Digestion at Biogas Facilities,StandaloneDigesters,USA,Total,MMTCO2e,+ ,+ ,+ ,+ ,+ ,+ ,+ ,+ ,+ ,+ ,+ ,+ ,+ ,+ ,+ ,+ ,+ ,+ ,0.1,0.1,0.1,0.1,0.1,0.1,0.2,0.2,0.2,0.2,0.2,0.2,0.2
Trends,Table 2-10,68,Residential,,USA,Total,MMTCO2e,345.1,354.7,361.2,372.6,363.3,367.5,399.5,380.8,346.9,366.7,388,378.1,375.3,393.7,381.9,371,334.3,355.3,363.9,354.5,355.5,349.1,306.9,357.7,378.3,351.5,327.8,329.9,377.4,384.2,362
Trends,Table 2-10,69,CO2 from Fossil Fuel Combustion,FFCRes,USA,Total,MMTCO2e,338.6,347.7,354,366.1,357,353.1,383.5,365,331.6,350.9,371.7,363.1,361.1,380.1,369.1,358.9,321.7,341.2,347.9,336.4,334.8,326.2,282.4,329.1,346.5,317.3,292.8,293.4,338.2,341.4,315.8
Trends,Table 2-10,70,Substitution of Ozone Depleting Substances,ODSSubsRes,USA,Total,MMTCO2e,0.2,0.5,0.5,0.5,0.5,8.7,10,10.8,10.8,11.2,11.4,10.5,9.7,8.8,8,7.2,8.2,9.3,10.9,12.8,15.1,17.5,20,22.8,25.8,28.8,30.4,31.9,33.7,37.1,41.2
Trends,Table 2-10,71,Stationary Combustion,StationaryComRes,USA,Total,MMTCO2e,6.3,6.5,6.8,6.1,5.7,5.7,6,5,4.4,4.6,4.9,4.5,4.6,4.8,4.8,4.9,4.4,4.8,5.1,5.4,5.7,5.5,4.6,5.9,6,5.3,4.7,4.5,5.5,5.7,4.9
Trends,Table 2-10,72,U.S. Territories,,USA,Total,MMTCO2e,25.1,25.8,25.5,26.7,27.8,27.4,27.5,28.3,27.7,30.1,51.9,58.6,59.8,62.8,64.5,63.7,61.1,57.9,46,42.5,36.6,34.5,34.4,28.9,28.9,29.2,26.8,25.8,25.8,24.6,23
Trends,Table 2-10,73,CO2 from Fossil Fuel Combustion,FFCUST,USA,Total,MMTCO2e,21.7,21.5,23.1,24,25.7,23.7,22.6,23.1,22.5,21,42.4,52.8,50.3,54.6,56.8,55.9,54.3,50.4,40.6,39.6,34.6,33.4,33.1,28.1,28.1,28.4,26,25.5,25.5,24.3,22.7
Trends,Table 2-10,74,Non-Energy Use of Fuels,NEUUST,USA,Total,MMTCO2e,3.4,4.3,2.4,2.6,2,3.7,4.8,5.1,5.1,8.9,9.3,5.6,9.3,8,7.5,7.6,6.5,7.3,5.2,2.7,1.8,1,1.2,0.7,0.7,0.7,0.7,0.2,0.2,0.2,0.2
Trends,Table 2-10,75,Stationary Combustion,StationaryCombUST,USA,Total,MMTCO2e,0.1,0.1,0.1,0.1,0.1,0.1,0.1,0.1,0.1,0.1,0.2,0.2,0.2,0.2,0.2,0.2,0.2,0.2,0.2,0.2,0.1,0.1,0.1,0.1,0.1,0.1,0.1,0.1,0.1,0.1,0.1
Trends,Table 2-10,76,Total Emissions (Sources),,USA,Total,MMTCO2e,"6,453.50","6,382.90","6,497.30","6,613.40","6,700.80","6,785.40","6,990.90","7,046.20","7,094.80","7,138.10","7,327.60","7,219.20","7,259.20","7,313.80","7,428.50","7,434.80","7,360.80","7,463.80","7,240.60","6,787.30","7,007.40","6,845.10","6,606.50","6,784.50","6,843.40","6,689.00","6,537.90","6,501.00","6,687.50","6,571.70","5,981.40"
Trends,Table 2-10,77,LULUCF Sector Net Total b,,USA,Total,MMTCO2e,-860.6,-620.8,-613.3,-595.1,-608.4,-582.6,-603,-584.3,-586.1,-578.9,-576.1,-580,-542.1,-572.7,-481.7,-789.8,-569.1,-527.6,-517.1,-484.4,-510.3,-558.3,-565.8,-541.5,-563.7,-490.7,-826.6,-781.2,-769.3,-730.5,-758.9
Trends,Table 2-10,78,Net Emissions (Sources and Sinks),,USA,Total,MMTCO2e,"5,592.80","5,762.20","5,884.00","6,018.30","6,092.40","6,202.70","6,387.90","6,461.90","6,508.70","6,559.20","6,751.50","6,639.20","6,717.10","6,741.20","6,946.80","6,645.00","6,791.70","6,936.20","6,723.60","6,302.80","6,497.10","6,286.80","6,040.80","6,243.00","6,279.60","6,198.30","5,711.20","5,719.80","5,918.20","5,841.20","5,222.40"
,,,,,,,,,,,,,,,,,,,,,,,,,,,,,,,,,,,,,,
Coal Mining,Table 3-33,1,Underground (UG) Mining,UndergroundMining,USA,CH4,kt,"2,968","2,888","2,789","2,304","2,260","2,226","2,180","2,133","2,127","1,980","1,878","1,823","1,690","1,712","1,733","1,682","1,714","1,700","2,113","2,367","2,456","2,008","1,882","1,849","1,844","1,796","1,629","1,626","1,556","1,379","1,257"
Coal Mining,Table 3-33,2,Liberated,UGMiningLiberated,USA,CH4,kt,"3,231","3,166","3,116","2,734","2,774","2,814","2,906","2,683","2,804","2,580","2,586","2,610","2,525","2,443","2,497","2,388","2,589","2,423","2,879","3,150","3,405","2,856","2,630","2,580","2,524","2,450","2,277","2,324","2,308","2,011","1,871"
Coal Mining,Table 3-33,3,Recovered & Used,UGMiningRecUsed,USA,CH4,kt,-263,-278,-327,-431,-514,-588,-726,-550,-677,-600,-708,-787,-835,-731,-764,-706,-875,-723,-766,-783,-950,-848,-748,-731,-679,-654,-648,-698,-752,-633,-614
Coal Mining,Table 3-33,4,Surface Mining,SurfaceMining,USA,CH4,kt,430,407,404,399,420,411,425,434,451,445,439,470,458,444,462,475,501,494,510,461,461,462,410,388,386,347,273,290,280,255,194
Coal Mining,Table 3-33,5,Post-Mining (UG),PostMiningUG,USA,CH4,kt,368,348,348,301,332,330,342,356,353,327,318,325,305,306,317,306,298,290,292,267,270,276,268,263,270,231,193,213,212,206,155
Coal Mining,Table 3-33,6,Post-Mining (Surface),PostMiningSurface,USA,CH4,kt,93,88,87,86,91,89,92,94,98,96,95,102,99,96,100,103,109,107,111,100,100,100,89,84,84,75,59,63,61,55,42
Coal Mining,Table 3-33,7,Total,CoalMining,USA,CH4,kt,"3,860","3,730","3,628","3,091","3,104","3,056","3,038","3,017","3,029","2,848","2,730","2,720","2,552","2,559","2,611","2,565","2,622","2,591","3,026","3,194","3,286","2,846","2,649","2,585","2,583","2,449","2,154","2,191","2,109","1,895","1,648"
,,,,,,,,,,,,,,,,,,,,,,,,,,,,,,,,,,,,,,
Petroleum Systems,Table 3-45,1,Exploration,PetExploration,USA,CO2,kt,360,362,361,374,336,329,346,380,331,295,311,333,308,337,356,392,432,433,678,592,988,"1,742","2,700","3,199","3,797","2,587","1,373","1,852","3,189","2,418",860
Petroleum Systems,Table 3-45,2,Production ,PetProduction,USA,CO2,kt,"5,955","6,277","6,237","6,190","6,371","6,839","7,193","7,472","7,389","6,879","6,916","6,982","7,180","7,318","7,532","7,874","8,021","8,280","9,060","9,425","10,620","12,451","16,109","19,481","23,657","25,894","16,555","19,449","30,296","39,187","24,969"
Petroleum Systems,Table 3-45,3,Transportation,PetTransport,USA,CO2,kt,0.9,0.9,0.9,0.9,0.9,0.8,0.8,0.8,0.8,0.8,0.7,0.7,0.7,0.7,0.7,0.7,0.7,0.7,0.7,0.7,0.7,0.7,0.9,1,1.2,1.2,1.1,1.1,1.2,1.3,1.2
Petroleum Systems,Table 3-45,4,Crude Refining,PetRefining,USA,CO2,kt,"3,284","3,258","3,294","3,334","3,396","3,423","3,486","3,591","3,647","3,626","3,700","3,705","3,661","3,748","3,801","3,728","3,733","3,712","3,598","3,511","3,804","3,824","3,430","3,609","3,419","4,037","3,994","3,725","3,820","5,080","4,326"
Petroleum Systems,Table 3-45,5,Total ,PetSys,USA,CO2,kt,"9,600","9,898","9,892","9,899","10,105","10,591","11,026","11,443","11,368","10,801","10,929","11,022","11,149","11,404","11,689","11,994","12,188","12,426","13,336","13,528","15,412","18,018","22,239","26,291","30,874","32,519","21,922","25,027","37,306","46,686","30,156"
,,,,,,,,,,,,,,,,,,,,,,,,,,,,,,,,,,,,,,
Petroleum Systems,Table 3-43,1,Exploration,PetExploration,USA,CH4,kt,154,155,158,166,131,124,145,180,130,99,116,145,114,151,172,211,258,259,318,172,246,343,394,326,255,100,22,17,20,16,12
Petroleum Systems,Table 3-43,2,Production  ,PetProduction,USA,CH4,kt,"1,725","1,724","1,688","1,671","1,661","1,653","1,668","1,636","1,605","1,567","1,545","1,529","1,520","1,526","1,514","1,408","1,488","1,475","1,467","1,427","1,398","1,399","1,373","1,524","1,595","1,587","1,552","1,562","1,484","1,553","1,557"
Petroleum Systems,Table 3-43,3,Pneumatic Controllers,PetProdPneumatic,USA,CH4,kt,736,740,726,736,735,735,733,732,730,728,726,723,720,716,713,709,704,700,695,689,683,677,622,752,791,794,822,835,727,732,854
Petroleum Systems,Table 3-43,4,Offshore Production,PetProdOffshore,USA,CH4,kt,353,355,360,358,376,385,398,386,380,376,360,355,355,359,361,259,344,335,322,295,266,258,250,238,228,219,204,204,196,196,193
Petroleum Systems,Table 3-43,5,Equipment Leaks,PetProdEquipLeaks,USA,CH4,kt,82,82,81,83,81,81,83,84,83,81,82,83,83,84,85,86,88,88,92,92,94,97,101,104,108,106,102,100,99,98,95
Petroleum Systems,Table 3-43,6,Gas Engines,PetProdGasEngines,USA,CH4,kt,82,82,81,82,78,77,78,78,75,71,72,71,71,70,71,71,72,72,75,75,77,80,85,89,95,94,90,89,92,94,89
Petroleum Systems,Table 3-43,7,Produced Water,PetProdProducedWater,USA,CH4,kt,91,90,85,80,75,73,71,69,65,61,63,61,60,70,62,62,62,65,68,68,69,72,77,81,86,85,81,84,93,98,89
Petroleum Systems,Table 3-43,8,Chemical Injection Pumps,PetProdChemicalPumps,USA,CH4,kt,47,47,46,47,49,51,52,54,56,58,59,61,63,64,66,68,69,71,73,74,76,78,81,84,87,85,82,81,80,79,76
Petroleum Systems,Table 3-43,9,Assoc Gas Flaring,PetProdGasFlaring,USA,CH4,kt,20,20,19,17,17,16,17,17,16,15,14,14,14,14,14,14,15,15,16,16,18,22,29,35,43,47,29,38,68,77,42
Petroleum Systems,Table 3-43,10,Other Sources,PetProdOther,USA,CH4,kt,313,307,291,268,248,234,236,216,199,177,170,161,154,149,143,139,134,130,128,117,114,115,129,142,157,155,142,130,129,179,120
Petroleum Systems,Table 3-43,11,Crude Oil Transportation,PetTransport,USA,CH4,kt,7,7,6,6,6,6,6,6,6,6,5,5,5,5,5,5,5,5,5,5,5,5,6,7,8,8,8,8,8,9,9
Petroleum Systems,Table 3-43,12,Refining,PetRefining,USA,CH4,kt,27,27,27,28,28,28,29,30,30,30,31,31,30,31,31,31,31,31,30,29,29,31,30,30,30,33,33,34,31,36,31
Petroleum Systems,Table 3-43,13,Total ,PetSys,USA,CH4,kt,"1,912","1,912","1,880","1,870","1,826","1,811","1,848","1,851","1,771","1,701","1,698","1,709","1,669","1,714","1,722","1,655","1,781","1,770","1,821","1,632","1,678","1,779","1,803","1,887","1,888","1,727","1,616","1,621","1,544","1,615","1,609"
,,,,,,,,,,,,,,,,,,,,,,,,,,,,,,,,,,,,,,
Petroleum Systems,Table 3-47,1,Exploration,PetExploration,USA,N2O,MT,0.6,0.6,0.6,0.6,0.6,0.6,0.6,0.6,0.6,0.5,0.5,0.6,0.5,0.6,0.6,0.6,0.7,0.7,1.1,1,1.7,2.9,4.6,5.4,6.5,4.4,2.3,2.7,5,3.4,1.4
Petroleum Systems,Table 3-47,2,Production ,PetProduction,USA,N2O,MT,18.5,19,18.2,17.9,18.1,19.3,20.5,21.9,21.8,19.6,19.3,19.4,19.6,19.2,19.7,20.6,20.6,21.3,25.4,26,29.9,33.8,42,48.5,58.3,64.4,48.2,50.6,96.4,99.8,81.8
Petroleum Systems,Table 3-47,3,Transportation,PetTransport,USA,N2O,MT,NE, NE , NE , NE , NE , NE , NE , NE , NE , NE , NE , NE , NE , NE , NE ,NE, NE , NE , NE , NE , NE , NE , NE , NE , NE , NE ,NE,NE,NE,NE,NE
Petroleum Systems,Table 3-47,4,Crude Refining,PetRefining,USA,N2O,MT,30.6,30.4,30.7,31.1,31.7,31.9,32.5,33.5,34,33.8,34.5,34.6,34.2,35,35.5,34.8,34.8,34.6,33.6,32.8,35.6,36.4,32.5,34.2,32.4,38.8,38.9,36.2,36.2,50,42.7
Petroleum Systems,Table 3-47,5,Total,PetSys,USA,N2O,MT,49.8,50,49.5,49.6,50.3,51.8,53.6,56,56.3,53.9,54.4,54.5,54.3,54.7,55.7,56,56.1,56.6,60.1,59.7,67.2,73.2,79.1,88.2,97.2,107.7,89.4,89.5,137.6,153.2,126
,,,,,,,,,,,,,,,,,,,,,,,,,,,,,,,,,,,,,,
Natural Gas Systems,Table 3-71,1,Exploration,NGExploration,USA,CO2,kt,297,297,216,274,272,258,299,418,379,431,584,842,729,925,"1,148","1,434","1,787","1,941","2,239","1,373","1,466","1,839","1,273","1,212",789,282,190,444,336,220,95
Natural Gas Systems,Table 3-71,2,Production,NGProduction,USA,CO2,kt,"3,024","3,140","3,187","3,315","3,471","3,532","3,714","3,812","3,870","3,849","3,982","4,126","4,169","4,251","4,384","4,468","4,630","4,878","5,284","5,344","5,694","6,489","6,413","6,806","7,299","7,615","7,444","7,194","8,503","10,885","7,736"
Natural Gas Systems,Table 3-71,3,Processing,NGProcessing,USA,CO2,kt,"28,338","27,334","27,260","26,815","26,557","24,520","22,441","21,965","19,760","20,397","20,359","19,663","20,174","19,452","19,210","18,836","18,828","18,752","18,674","18,562","18,577","19,059","19,059","20,442","20,977","20,977","21,787","22,988","23,001","26,373","25,468"
Natural Gas Systems,Table 3-71,4,Transmission and Storage,NGTransStor,USA,CO2,kt,180,182,182,180,178,176,173,171,169,167,165,170,168,173,171,176,174,172,193,199,212,218,223,223,228,228,340,499,547,"1,242","2,036"
Natural Gas Systems,Table 3-71,5,Distribution,NGDist,USA,CO2,kt,54,53,52,51,51,48,45,44,43,40,39,37,35,33,32,30,29,24,23,21,19,18,17,17,17,17,17,17,17,16,16
Natural Gas Systems,Table 3-71,6,Post-Meter,NGPostMeter,USA,CO2,kt,1,1,1,1,1,1,1,1,1,1,2,1,2,1,1,1,1,2,2,2,2,2,2,2,2,2,2,2,2,2,2
Natural Gas Systems,Table 3-71,7,Total,NGSys,USA,CO2,kt,"31,894","31,007","30,897","30,637","30,531","28,534","26,674","26,412","24,221","24,885","25,130","24,840","25,276","24,835","24,946","24,945","25,450","25,769","26,416","25,501","25,969","27,624","26,988","28,702","29,312","29,121","29,780","31,145","32,407","38,740","35,353"
,,,,,,,,,,,,,,,,,,,,,,,,,,,,,,,,,,,,,,
Natural Gas Systems,Table 3-69,1,Exploration,NGExploration,USA,CH4,kt,119,119,87,110,109,104,120,166,151,171,231,302,240,278,315,358,408,405,427,244,237,226,96,113,36,43,27,49,94,75,8
Natural Gas Systems,Table 3-69,2,Production,NGProduction,USA,CH4,kt,"2,450","2,600","2,602","2,670","2,783","2,710","2,831","2,933","2,960","2,884","2,970","3,159","3,182","3,270","3,339","3,336","3,587","3,685","3,856","3,822","3,726","3,733","3,818","3,813","3,703","3,693","3,605","3,705","3,753","3,710","3,455"
Natural Gas Systems,Table 3-69,3,Onshore Production,NGProdOnshore,USA,CH4,kt,"1,542","1,658","1,640","1,684","1,765","1,676","1,774","1,862","1,896","1,848","1,894","2,069","2,091","2,171","2,215",2305,"2,426","2,489","2,596","2,559","2,504","2,435","2,462","2,440","2,274","2,203","2,115","2,145","2,174","2,085","1,916"
Natural Gas Systems,Table 3-69,4,Gathering and Boosting,NGProdGB,USA,CH4,kt,739,768,787,805,830,842,865,870,870,855,886,899,899,917,944,958,980,"1,034","1,106","1,122","1,157","1,243","1,304","1,332","1,398","1,466","1,457","1,533","1,548","1,595","1,500"
Natural Gas Systems,Table 3-69,5,Offshore Production,NGProdOffshore,USA,CH4,kt,170,174,175,181,189,192,192,200,194,181,191,191,191,182,179,73,181,162,154,141,64,55,51,41,31,24,32,26,31,30,39
Natural Gas Systems,Table 3-69,6,Processing,NGProcessing,USA,CH4,kt,853,843,848,822,802,729,657,632,559,567,555,526,529,500,483,463,452,439,427,413,402,400,400,429,441,441,447,460,483,505,494
Natural Gas Systems,Table 3-69,7,Transmission and Storage,NGTransStor,USA,CH4,kt,"2,288","2,317","2,320","2,266","2,217","2,162","2,097","2,050","1,973","1,914","1,872","1,794","1,752","1,691","1,636","1,580","1,519","1,490","1,447","1,393","1,376","1,340","1,338","1,407","1,458","1,533","1,534","1,460","1,538","1,583","1,625"
Natural Gas Systems,Table 3-69,8,Distribution,NGDist,USA,CH4,kt,"1,819","1,795","1,751","1,732","1,744","1,618","1,531","1,490","1,445","1,364","1,307","1,256","1,195","1,111","1,068","1,018",967,813,773,709,640,588,588,582,576,569,569,564,559,555,554
Natural Gas Systems,Table 3-69,9,Post-Meter,NGPostMeter,USA,CH4,kt,290,292,298,300,310,322,320,325,337,339,346,342,348,337,344,344,352,362,360,358,361,356,381,371,385,415,426,424,445,457,459
Natural Gas Systems,Table 3-69,10,Total,NGSys,USA,CH4,kt,"7,819","7,965","7,906","7,901","7,966","7,645","7,556","7,596","7,425","7,240","7,281","7,379","7,246","7,186","7,184","7,100","7,285","7,194","7,290","6,938","6,743","6,644","6,621","6,715","6,599","6,693","6,609","6,662","6,871","6,885","6,596"
,,,,,,,,,,,,,,,,,,,,,,,,,,,,,,,,,,,,,,
Natural Gas Systems,Table 3-73,1,Exploration,NGExploration,USA,N2O,MT,1.3,1.4,1.3,1.4,1.4,1.4,1.5,1.8,1.8,1.9,2.2,2.8,2.6,3,3.5,4.1,4.9,5.2,5.9,4.3,4.5,5.3,3.5,3.8,2.8,10.9,0.4,0.8,0.6,0.4,0.2
Natural Gas Systems,Table 3-73,2,Production,NGProduction,USA,N2O,MT,14.5,15,15.2,15.7,16.3,16.7,17.6,18,18.2,17.7,18.2,18.5,18.5,18.6,19.1,19.4,19.8,20.8,23.1,23.3,24.7,27.2,27.4,30.4,30.2,32.9,29.8,14.4,15.7,18.7,14.4
Natural Gas Systems,Table 3-73,3,Processing,NGProcessing,USA,N2O,MT,NO, -   , -   ,1.1,2.2,3.1,3.8,4.7,5.1,6.2,7.1,7.8,9,9.6,10.5,11.2,12.2,13.1,14.1,15,16.1,17.6,17.6,18.9,19.3,19.3,12.5,10,11.3,19.1,16
Natural Gas Systems,Table 3-73,4,Transmission and Storage,NGTransStor,USA,N2O,MT,0.9,0.9,0.9,0.9,0.9,0.9,0.9,0.9,0.9,1,1,1,1,1,1,1,1,1,1.1,1.1,1.1,1.1,1.2,1.2,1.2,1.2,1.3,1.6,0.8,2.1,3.6
Natural Gas Systems,Table 3-73,5,Distribution,NGDist,USA,N2O,MT,NO, NO , NO , NO , NO , NO , NO , NO , NO , NO , NO , NO , NO , NO , NO , NO , NO , NO , NO , NO , NO , NO , NO , NO , NO , NO ,NO,NO,NO,NO,NO
Natural Gas Systems,Table 3-73,6,Post-Meter,NGPostMeter,USA,N2O,MT,NO, NO , NO , NO , NO , NO , NO , NO , NO , NO , NO , NO , NO , NO , NO , NO , NO , NO , NO , NO , NO , NO , NO , NO , NO , NO ,NO,NO,NO,NO,NO
Natural Gas Systems,Table 3-73,7,Total ,NGSys,USA,N2O,MT,16.7,17.3,17.4,19.1,20.8,22.1,23.8,25.4,26,26.7,28.4,30.1,31.1,32.3,34.1,35.8,37.9,40.2,44.2,43.7,46.4,51.2,49.6,54.2,53.6,64.3,44,26.8,28.4,40.3,34.2
,,,,,,,,,,,,,,,,,,,,,,,,,,,,,,,,,,,,,,
Iron and Steel Metallurgical Coke,Table 4-61,1,Total,MetCokeProd,USA,CO2,kt,"5,608","5,074","4,007","2,953","5,167","5,222","4,357","3,781","4,777","4,737","4,541","2,978","4,161","4,381","3,808","3,921","3,761","3,876","4,104","2,184","3,775","3,144","2,206","3,544","3,720","4,417","2,643","1,978","1,282","3,006","2,324"
,,,,,,,,,,,,,,,,,,,,,,,,,,,,,,,,,,,,,,
Iron and Steel Production,Table 4-63,1,Total,IronSteelProd,USA,CO2,kt,"99,129","90,139","91,985","88,693","89,359","93,174","92,001","93,813","86,358","84,279","85,920","76,805","71,613","68,274","68,431","66,156","69,008","70,647","65,828","42,882","54,780","59,806","55,047","51,638","54,464","43,525","40,979","38,587","41,345","40,084","35,407"
,,,,,,,,,,,,,,,,,,,,,,,,,,,,,,,,,,,,,,
Iron and Steel Production,Table 4-65,1,Total,IronSteelProd,USA,CH4,kt,0.9,0.7,0.8,0.9,0.8,0.9,0.8,0.8,0.7,0.8,0.7,0.6,0.6,0.6,0.6,0.6,0.5,0.5,0.4,0.3,0.4,0.4,0.4,0.4,0.4,0.3,0.3,0.3,0.3,0.3,0.3
,,,,,,,,,,,,,,,,,,,,,,,,,,,,,,,,,,,,,,
Electronics,Table 4-96,13,Semiconductors,Semi,USA,Mix,MMTCO2e,3.6,3.6,3.6,4.5,4.9,6.2,6.9,7.3,8.9,9,7.6,5.4,5.5,5.3,5,4.7,5.1,4.6,4.3,3.1,4,5.2,4.9,4.5,4.7,4.7,4.7,4.7,4.8,4.5,4.4
Electronics,Table 4-96,21,MEMS,MEMS,USA,Mix,MMTCO2e,0,+ ,+ ,+ ,+ ,+ ,+ ,+ ,+ ,+ ,+ ,+ ,+ ,+ ,+ ,+ ,+ ,+ ,+ ,+ ,+ ,+ ,+ ,+ ,+ ,+ ,+ ,+ ,+ ,+ ,+ 
Electronics,Table 4-96,28,PV,PhotovoltaicManufacturing,USA,Mix,MMTCO2e,0,0,0,0,0,0,0,0,+ ,+ ,+ ,+ ,+ ,+ ,+ ,+ ,+ ,+ ,+ ,+ ,+ ,+ ,+ ,+ ,+ ,+ ,+ ,+ ,+ ,+ ,+ 
,,,,,,,,,,,,,,,,,,,,,,,,,,,,,,,,,,,,,,
Enteric fermentation,Table 5-4,1,Beef Cattle,EntericBeefCattle,USA,CH4,kt,"4,742","4,765","4,977","5,088","5,231","5,396","5,372","5,238","5,169","5,138","5,050","5,016","5,020","5,020","4,935","4,986","5,061","5,103","5,058","5,013","4,963","4,856","4,746","4,707","4,624","4,712","4,905","5,033","5,042","5,062","5,013"
Enteric fermentation,Table 5-4,2,Dairy Cattle,EntericDairyCattle,USA,CH4,kt,"1,547","1,532","1,511","1,499","1,475","1,471","1,456","1,449","1,435","1,475","1,492","1,481","1,485","1,491","1,448","1,473","1,506","1,571","1,592","1,606","1,594","1,616","1,641","1,639","1,651","1,679","1,700","1,715","1,737","1,732","1,744"
Enteric fermentation,Table 5-4,3,Swine,EntericSwine,USA,CH4,kt,81,85,88,87,90,88,84,88,93,90,88,88,90,90,91,92,93,98,101,99,97,98,100,98,96,102,105,108,110,115,116
Enteric fermentation,Table 5-4,4,Horses,EntericHorses,USA,CH4,kt,40,38,37,40,44,47,51,54,57,59,61,63,66,67,68,70,71,73,71,70,68,67,65,62,60,57,54,51,48,46,43
Enteric fermentation,Table 5-4,5,Sheep,EntericSheep,USA,CH4,kt,102,101,97,92,89,81,76,72,70,65,63,62,60,57,55,55,56,55,54,52,51,49,48,48,47,47,48,47,47,47,47
Enteric fermentation,Table 5-4,6,Goats,EntericGoats,USA,CH4,kt,23,23,23,22,22,21,21,20,21,21,22,22,23,24,25,26,27,28,27,26,25,25,24,24,24,24,24,24,24,25,25
Enteric fermentation,Table 5-4,7,American Bison,EntericBison,USA,CH4,kt,4,5,5,6,7,9,10,11,13,14,16,18,19,19,18,17,17,16,16,15,15,14,13,14,14,14,15,15,15,16,16
Enteric fermentation,Table 5-4,8,Mules and Asses,EntericMulesAsses,USA,CH4,kt,1,1,1,1,1,1,1,1,1,1,1,1,1,1,2,2,2,3,3,3,3,3,3,3,3,3,3,3,3,3,3
Enteric fermentation,Table 5-4,9,Total,Enteric,USA,CH4,kt,"6,539","6,548","6,738","6,835","6,958","7,114","7,071","6,934","6,858","6,864","6,793","6,752","6,764","6,768","6,642","6,722","6,833","6,947","6,921","6,884","6,816","6,727","6,640","6,595","6,519","6,639","6,853","6,998","7,028","7,046","7,007"
,,,,,,,,,,,,,,,,,,,,,,,,,,,,,,,,,,,,,,
Manure management,Table 5-7,1,CH4,Manure,USA,CH4,kt,"1,394",1463,1408,1475,1581,1631,1599,1674,1809,1811,1823,1882,1915,1924,1859,1960,1960,2136,2065,2022,2091,2106,2180,2095,2078,2216,"2,285","2,300","2,375","2,348","2,383"
Manure management,Table 5-7,2,Dairy Cattle,ManureDairyCattle,USA,CH4,kt,572,589,573,596,636,665,676,705,739,796,830,878,899,936,886,943,963,"1,074","1,075","1,080","1,091","1,114","1,158","1,140","1,159","1,203","1,232","1,248","1,278","1,237","1,269"
Manure management,Table 5-7,3,Swine,ManureSwine,USA,CH4,kt,621,673,636,677,739,762,721,766,865,813,790,797,810,781,769,812,788,851,785,740,797,791,821,755,718,807,846,840,882,891,895
Manure management,Table 5-7,4,Poultry,ManurePoultry,USA,CH4,kt,131,131,127,130,130,128,125,127,130,126,127,131,130,131,129,130,131,135,129,128,129,127,128,128,130,134,134,136,139,144,142
Manure management,Table 5-7,5,Beef Cattle,ManureBeefCattle,USA,CH4,kt,63,63,64,64,67,69,68,66,66,67,68,67,67,68,66,67,69,69,68,67,67,67,66,65,64,65,68,70,70,71,71
Manure management,Table 5-7,6,Horses,ManureHorses,USA,CH4,kt,4,4,4,4,5,5,4,5,5,5,5,5,5,5,5,5,6,6,6,6,6,6,6,6,6,6,3,3,3,3,3
Manure management,Table 5-7,7,Sheep,ManureSheep,USA,CH4,kt,3,3,3,3,3,3,3,3,3,3,3,3,3,2,2,2,2,2,2,2,2,2,2,2,2,2,2,2,2,2,2
Manure management,Table 5-7,8,Goats,ManureGoats,USA,CH4,kt,+,+ ,+ ,+ ,+ ,+ ,+ ,+ ,+ ,+ ,+ ,+ ,+ ,+ ,+ ,+ ,+ ,+ ,+ ,+ ,+ ,+ ,+ ,+ ,+ ,+ ,+,+,+,+,+
Manure management,Table 5-7,9,American Bison,ManureBison,USA,CH4,kt,+,+ ,+ ,+ ,+ ,+ ,+ ,+ ,+ ,+ ,+ ,+ ,+ ,+ ,+ ,+ ,+ ,+ ,+ ,+ ,+ ,+ ,+ ,+ ,+ ,+ ,+,+,0,+,+
Manure management,Table 5-7,10,Mules and Asses,ManureMulesAsses,USA,CH4,kt,+,+ ,+ ,+ ,+ ,+ ,+ ,+ ,+ ,+ ,+ ,+ ,+ ,+ ,+ ,+ ,+ ,+ ,+ ,+ ,+ ,+ ,+ ,+ ,+ ,+ ,+,+,0,+,+
Manure management,Table 5-7,11,N2O,Manure,USA,N2O,kt,47,47,48,47,49,51,50,51,52,53,55,54,55,56,54,55,57,57,57,57,57,58,58,58,58,60,62,64,65,65,66
Manure management,Table 5-7,12,Beef Cattle,ManureBeefCattle,USA,N2O,kt,20,20,20,19,21,22,21,21,22,24,25,24,25,25,24,24,26,26,25,25,25,26,26,26,26,27,28,30,30,31,31
Manure management,Table 5-7,13,Dairy Cattle,ManureDairyCattle,USA,N2O,kt,17,17,17,18,18,18,18,18,18,18,18,18,18,19,18,18,19,19,18,19,19,19,19,19,19,20,20,20,21,20,21
Manure management,Table 5-7,14,Swine,ManureSwine,USA,N2O,kt,4,4,4,4,5,5,4,5,5,5,5,5,5,5,5,5,6,6,6,6,6,6,6,6,6,6,6,7,7,7,7
Manure management,Table 5-7,15,Poultry,ManurePoultry,USA,N2O,kt,5,5,5,5,5,5,5,5,5,5,5,5,5,5,5,5,5,5,5,5,5,5,5,5,5,5,5,5,6,6,6
Manure management,Table 5-7,16,Sheep,ManureSheep,USA,N2O,kt,+,+ ,+ ,+ ,1,1,1,1,1,1,1,1,1,1,1,1,1,1,1,1,1,1,1,1,1,1,1,1,1,1,1
Manure management,Table 5-7,17,Horses,ManureHorses,USA,N2O,kt,+,+,+,+,+,+,+,+,+,+,+,+,+,+,+,+,+,+,+,+,+,+,+,+,+,+,+,+,+,+,+
Manure management,Table 5-7,18,Goats,ManureGoats,USA,N2O,kt,+,+,+,+,+,+,+,+,+,+,+,+,+,+,+,+,+,+,+,+,+,+,+,+,+,+,+,+,+,+,+
Manure management,Table 5-7,19,Mules and Asses,ManureMulesAsses,USA,N2O,kt,+,+,+,+,+,+,+,+,+,+,+,+,+,+,+,+,+,+,+,+,+,+,+,+,+,+,+,+,+,+,+
Manure management,Table 5-7,20,American Bison c,ManureBison,USA,N2O,kt,NA,NA,NA,NA,NA,NA,NA,NA,NA,NA,NA,NA,NA,NA,NA,NA,NA,NA,NA,NA,NA,NA,NA,NA,NA,NA,NA,NA,NA,NA,NA
,,,,,,,,,,,,,,,,,,,,,,,,,,,,,,,,,,,,,,
Rice cultivation,Table 5-11,1,Arkansas,Rice,Arkansas,CH4,kt,216,250,198,244,234,216,237,209,235,245,252,203,235,199,243,315,250,263,219,281,355,258,274,190,229,256,NE ,NE,NE,NE,NE
Rice cultivation,Table 5-11,2,California,Rice,California,CH4,kt,131,114,112,124,133,136,141,155,148,147,149,157,154,130,151,134,146,141,142,144,136,136,139,147,155,166,NE,NE,NE,NE,NE
Rice cultivation,Table 5-11,3,Florida,Rice,Florida,CH4,kt,+ ,0,0,0,0,0,0,0,0,65,57,2,2,3,2,1,2,2,2,0,0,0,0,0,0,0,NE  ,NE,NE,NE,NE
Rice cultivation,Table 5-11,4,Illinois,Rice,Illinois,CH4,kt,+ ,0,0,0,0,0,0,0,0,0,0,0,0,0,0,+ ,0,0,0,0,0,0,0,0,0,0,NE ,NE,NE,NE,NE
Rice cultivation,Table 5-11,5,Kentucky,Rice,Kentucky,CH4,kt,+ ,0,0,0,0,0,0,0,0,0,0,0,0,0,0,+ ,0,0,0,0,0,0,0,0,0,0,NE  ,NE,NE,NE,NE
Rice cultivation,Table 5-11,6,Louisiana,Rice,Louisiana,CH4,kt,103,99,117,101,110,97,113,100,123,128,121,111,105,105,106,113,80,94,82,101,107,90,101,90,130,103,NE  ,NE,NE,NE,NE
Rice cultivation,Table 5-11,7,Minnesota,Rice,Minnesota,CH4,kt,1,1,1,1,1,1,1,1,2,2,2,2,2,2,2,2,2,0,1,4,3,3,3,1,0,0,NE  ,NE,NE,NE,NE
Rice cultivation,Table 5-11,8,Mississippi,Rice,Mississippi,CH4,kt,45,42,49,56,48,51,37,38,52,33,53,33,54,41,23,55,32,35,41,21,45,30,35,32,31,40,NE  ,NE,NE,NE,NE
Rice cultivation,Table 5-11,9,Missouri,Rice,Missouri,CH4,kt,22,18,17,22,26,22,18,24,26,38,43,44,48,32,42,45,44,49,44,42,56,26,26,32,34,26,NE  ,NE,NE,NE,NE
Rice cultivation,Table 5-11,10,New York,Rice,New York,CH4,kt,+ ,0,0,0,0,0,0,0,0,0,0,0,0,0,0,+ ,0,0,0,0,0,0,0,0,0,0,NE  ,NE,NE,NE,NE
Rice cultivation,Table 5-11,11,South Carolina,Rice,South Carolina,CH4,kt,+ ,0,0,0,0,0,0,0,0,0,0,0,0,0,0,+ ,0,0,0,0,0,0,0,0,0,0,NE  ,NE,NE,NE,NE
Rice cultivation,Table 5-11,12,Tennessee,Rice,Tennessee,CH4,kt,+ ,0,0,0,0,0,0,0,0,0,0,0,0,0,0,+ ,0,0,0,0,0,0,0,0,0,0,NE  ,NE,NE,NE,NE
Rice cultivation,Table 5-11,13,Texas,Rice,Texas,CH4,kt,122,121,151,136,78,137,122,88,97,50,80,64,109,78,55,54,34,54,32,55,54,70,30,60,37,57,NE  ,NE,NE,NE,NE
Rice cultivation,Table 5-11,14,Total,Rice,USA,CH4,kt,640,645,646,684,629,660,670,615,683,707,759,617,708,589,624,720,590,637,563,649,757,612,606,551,616,648,631,596,623,602,630
,,,,,,,,,,,,,,,,,,,,,,,,,,,,,,,,,,,,,,
Soil management,Table 5-17,1,Cropland Direct Total,AgSoilsDirectCropland,USA,N2O,MMTCO2e,185.9,177.3,173.5,191.2,185.9,183.7,191.4,182.6,180.2,182.2,176.9,186.4,186.6,187.6,187.2,183.7,179.2,184.9,182.7,184.1,185.8,183.9,176.3,197.4,207,199.6,191,190.5,195.1,196.5,187.3
Soil management,Table 5-17,2,Cropland Direct Mineral Soils,AgSoilsDirectCroplandMinSoils,USA,N2O,MMTCO2e,182.1,173.6,169.7,187.5,182.2,179.9,187.7,178.8,176.5,178.5,173.2,182.5,182.8,183.9,183.6,180,175.5,181.4,179.2,180.6,182.3,180.4,172.8,193.9,203.6,196.2,187.6,187.1,191.7,193.1,183.9
Soil management,Table 5-17,3,Cropland Direct Synthetic Fertilizer,AgSoilsDirectCroplandSynFert,USA,N2O,MMTCO2e,58.9,57.2,57.4,59.4,65.3,58.5,65.1,61.7,58.2,60.2,58.1,57.9,60.8,60.6,61.2,60.1,57.6,62.7,59.6,55.4,56.7,61.8,63.9,66.6,67.1,62.5,65.7,65.4,66.8,67.1,63.8
Soil management,Table 5-17,4,Cropland Direct Organic Amendment,AgSoilsDirectCroplandOrgAmend,USA,N2O,MMTCO2e,12.8,12.7,12.7,12.9,13.1,13,13.4,13.1,12.9,13,13,13.2,13.5,13.4,12.8,13.1,13.4,13.5,13.3,13.3,13,13.4,13.4,13.6,13.6,13.5,14.7,14.5,14.4,14.3,13.9
Soil management,Table 5-17,5,Cropland Direct Residue N,AgSoilsDirectCroplandResidueN,USA,N2O,MMTCO2e,40.7,40.1,37.6,41.5,39.3,41,41.5,38.7,36.7,42.3,39.8,42,41.8,42.9,38.7,41,40.6,38.8,39.4,41.2,41.4,42.1,39.9,41.1,43.5,39.7,41.2,41.2,42.3,42.7,40.8
Soil management,Table 5-17,6,Cropland Direct Mineralization,AgSoilsDirectCroplandMineralization,USA,N2O,MMTCO2e,69.8,63.6,62,73.7,64.4,67.4,67.8,65.3,68.7,63,62.3,69.5,66.7,67,70.8,65.8,63.8,66.4,66.9,70.7,71.3,63.1,55.6,72.7,79.4,80.5,66,66.1,68.2,68.9,65.4
Soil management,Table 5-17,7,Cropland Direct Drained Organic Soils,AgSoilsDirectCroplandDOS,USA,N2O,MMTCO2e,3.8,3.8,3.7,3.7,3.7,3.8,3.8,3.7,3.7,3.7,3.7,3.8,3.8,3.7,3.7,3.7,3.7,3.6,3.6,3.5,3.5,3.5,3.5,3.5,3.4,3.4,3.4,3.4,3.4,3.4,3.4
Soil management,Table 5-17,8,Grassland Direct Total,AgSoilsDirectGrassland,USA,N2O,MMTCO2e,86.7,86.8,85.9,87.1,83.1,86.1,88.2,89,90.2,84.8,79.5,85.7,86.5,85.9,94.4,89.2,87.6,89.8,87.2,91,93.2,83.7,79,94.9,96.1,95.9,91,90.3,91.3,94.4,84.3
Soil management,Table 5-17,9,Grassland Direct Mineral Soils,AgSoilsDirectGrasslandMinSoils,USA,N2O,MMTCO2e,84.2,84.3,83.4,84.6,80.6,83.6,85.7,86.6,87.7,82.4,77.1,83.3,84,83.5,91.9,86.7,85.2,87.4,84.8,88.5,90.7,81.2,76.6,92.4,93.6,93.4,88.5,87.8,88.8,91.9,81.9
Soil management,Table 5-17,10,Grassland Direct Synthetic Fertilizer,AgSoilsDirectGrasslandSynFert,USA,N2O,MMTCO2e,+ ,+ ,0.1,0.1,0.1,+ ,+ ,+ ,0.2,+ ,0.1,0.1,0.1,0.1,0.1,+ ,+ ,+ ,0.1,+ ,+ ,+ ,+ ,+ ,+ ,+ ,+ ,+ ,+ ,+ ,+ 
Soil management,Table 5-17,11,Grassland Direct PRP Manure,AgSoilsDirectGrasslandPRPManure,USA,N2O,MMTCO2e,14.5,14.2,14.5,14.8,15.1,14.9,15.1,14.3,14.8,13.7,13.5,13.8,13.9,13.6,13.9,13.6,13.7,13.2,13.1,13.5,13.3,12.8,12.1,12.9,12.8,13,13,13,13.1,13.4,12.4
Soil management,Table 5-17,12,Grassland Direct Managed Manure,AgSoilsDirectGrasslandMngdManure,USA,N2O,MMTCO2e,+ ,+ ,+ ,+ ,+ ,+ ,+ ,+ ,+ ,+ ,+ ,+ ,+ ,+ ,+ ,+ ,+ ,+ ,+ ,+ ,+ ,+ ,+ ,+ ,+ ,+ ,+ ,+ ,+ ,+ ,+ 
Soil management,Table 5-17,13,Grassland Direct Biosolids,AgSoilsDirectGrasslandBiosolids,USA,N2O,MMTCO2e,0.2,0.3,0.3,0.3,0.3,0.3,0.3,0.4,0.4,0.4,0.4,0.4,0.4,0.4,0.4,0.5,0.5,0.5,0.5,0.5,0.5,0.5,0.6,0.6,0.6,0.6,0.6,0.6,0.6,0.7,0.7
Soil management,Table 5-17,14,Grassland Direct Residue N,AgSoilsDirectGrasslandResidueN,USA,N2O,MMTCO2e,29.8,29,28.8,29.5,28.2,29.5,30,29.8,29.5,30.2,28,30.2,30.3,30.2,30.3,30.9,30.4,30.6,30.4,30.5,31.6,29.6,29.4,31.3,31.9,30.5,31.6,31.3,31.7,32.8,29
Soil management,Table 5-17,15,Grassland Direct Mineralization,AgSoilsDirectGrasslandMineralization,USA,N2O,MMTCO2e,39.6,40.7,39.7,39.8,36.9,38.8,40.2,42,42.8,38,35.1,38.8,39.3,39.3,47.2,41.8,40.6,43.1,40.8,44,45.3,38.2,34.5,47.7,48.3,49.3,43.3,42.9,43.4,45,39.8
Soil management,Table 5-17,16,Grassland Direct Drained Organic Soils,AgSoilsDirectGrasslandDOS,USA,N2O,MMTCO2e,2.5,2.5,2.5,2.5,2.6,2.5,2.5,2.5,2.5,2.5,2.5,2.4,2.4,2.3,2.4,2.4,2.4,2.4,2.4,2.5,2.5,2.5,2.5,2.5,2.5,2.5,2.5,2.5,2.5,2.5,2.5
Soil management,Table 5-17,17,Direct Total,AgSoilsDirect,USA,N2O,MMTCO2e,272.6,264.1,259.3,278.4,269,269.8,279.6,271.6,270.3,267.1,256.5,272.1,273,273.5,281.6,272.9,266.8,274.8,270,275.1,279,267.6,255.4,292.3,303.1,295.5,282,280.8,286.4,290.9,271.7
,,,,,,,,,,,,,,,,,,,,,,,,,,,,,,,,,,,,,,
Soil management,Table 5-18,1,Cropland Indirect Total,AgSoilsIndirectCropland,USA,N2O,MMTCO2e,34.2,31.5,33.8,37.9,29.3,34.1,33.7,32.2,36.3,32.7,30.1,35,32.1,33.3,36.7,31.6,33.1,35.1,36.6,35.8,36.1,35.3,28.6,37.9,37.6,42.7,38.9,37.4,42.4,43.9,35.4
Soil management,Table 5-18,2,Cropland Indirect Volatilization,AgSoilsIndirectCroplandVol,USA,N2O,MMTCO2e,6.5,6.3,6.1,6.4,6.6,6.7,6.7,6.7,6.9,6.9,7,7,7.2,7.2,7.4,7.3,7.2,7.2,7.2,7.1,7.6,7.3,6.9,7.7,8,8.5,8.1,7.9,8,8,7.6
Soil management,Table 5-18,3,Cropland Indirect Surface Leaching,AgSoilsIndirectCroplandLeach,USA,N2O,MMTCO2e,27.8,25.3,27.7,31.5,22.7,27.4,27,25.5,29.3,25.8,23.1,28,24.8,26.1,29.2,24.4,25.8,27.9,29.3,28.7,28.5,28,21.7,30.2,29.6,34.2,30.8,29.5,34.4,35.9,27.8
Soil management,Table 5-18,4,Grassland Indirect Total,AgSoilsIndirectGrassland,USA,N2O,MMTCO2e,9.2,9.2,9.5,9.8,9.1,9.4,9.2,9.6,10.6,9.4,8.3,10,9.6,9.1,10.6,9.3,9.2,10.2,10,10.3,9.9,9.6,8.9,10.3,9.4,11,10,10,10.1,10.5,9.2
Soil management,Table 5-18,5,Grassland Indirect Volatilization,AgSoilsIndirectGrasslandVol,USA,N2O,MMTCO2e,3.6,3.6,3.6,3.5,3.5,3.6,3.6,3.6,3.7,3.5,3.2,3.5,3.6,3.6,3.8,3.7,3.7,3.6,3.5,3.6,3.7,3.3,3.3,3.7,3.8,3.7,3.5,3.6,3.6,3.7,3.5
Soil management,Table 5-18,6,Grassland Indirect Surface Leaching,AgSoilsIndirectGrasslandLeach,USA,N2O,MMTCO2e,5.6,5.6,5.9,6.3,5.6,5.8,5.6,5.9,6.9,5.8,5.1,6.5,6,5.6,6.8,5.6,5.6,6.5,6.5,6.8,6.2,6.3,5.6,6.6,5.6,7.2,6.5,6.4,6.5,6.8,5.7
Soil management,Table 5-18,7,Indirect Total,AgSoilsIndirect,USA,N2O,MMTCO2e,43.5,40.7,43.2,47.7,38.4,43.5,42.9,41.8,46.8,42.1,38.4,45,41.7,42.4,47.2,40.9,42.3,45.2,46.6,46.1,46,44.8,37.5,48.2,47,53.7,48.9,47.4,52.5,54.4,44.6
,,,,,,,,,,,,,,,,,,,,,,,,,,,,,,,,,,,,,,
LULUCF,Table 6-2,1,Carbon Stock Change a,,USA,CO2,MMTCO2e,-892,-900.6,-891.2,-873,-889.6,-860.3,-883.3,-861.5,-863.9,-860.6,-862.6,-860.4,-831.2,-857.3,-775.8,-831.1,-855.1,-818.7,-802.5,-772.5,-791.4,-836.3,-837.7,-804.5,-814.4,-748.9,-862,-826.7,-809,-760.8,-812.2
LULUCF,Table 6-2,2,Forest Land Remaining Forest Land,ForestLandRemainCarbonStock,USA,CO2,MMTCO2e,-774,-778,-777.8,-774.9,-768.3,-758.2,-760.9,-754.6,-749.8,-737.9,-716.2,-719.2,-682.6,-714.4,-634.5,-687.3,-708.1,-682.2,-667,-645.5,-675.7,-690.5,-684.5,-677.2,-698.6,-628.4,-725.6,-688.3,-677.1,-634.8,-668.1
LULUCF,Table 6-2,3,Land Converted to Forest Land,ForestLandConvertCarbonStock,USA,CO2,MMTCO2e,-98.6,-98.6,-98.6,-98.6,-98.7,-98.7,-98.7,-98.7,-98.8,-98.8,-98.8,-98.9,-98.9,-99,-99,-99.1,-99.1,-99.1,-99.2,-99.2,-99.2,-99.3,-99.3,-99.3,-99.3,-99.4,-99.5,-99.5,-99.5,-99.5,-99.5
LULUCF,Table 6-2,4,Cropland Remaining Cropland,CroplandRemainCarbonStock,USA,CO2,MMTCO2e,-23.2,-29,-25.5,-11.6,-19.3,-12.1,-27.5,-19.1,-9.9,-18,-23.7,-27.2,-32,-24.1,-26.2,-29,-25.2,-29.2,-23,-14,-18.6,-31.8,-26.4,-15.3,-12.2,-12.8,-22.7,-22.3,-16.6,-14.5,-23.3
LULUCF,Table 6-2,5,Land Converted to Cropland,CroplandConvertCarbonStock,USA,CO2,MMTCO2e,51.8,52.6,53.2,52.5,52.8,57.1,56.1,59.2,55.9,56.1,55.3,55.8,53.4,53.2,52,52,50.9,51.1,53.3,53.5,54.9,52,53.2,54.1,55.2,55.8,54.1,54.3,54,53.9,54.4
LULUCF,Table 6-2,6,Grassland Remaining Grassland,GrasslandRemainCarbonStock,USA,CO2,MMTCO2e,6.9,6.9,8.5,11.2,-1.9,6.2,5.2,9.2,3,7.2,-5.5,5.6,4.1,2.2,7.9,8.7,-4.1,10.1,3,4.1,18.5,15.8,1.6,14.3,18.1,12,8,9.3,9.7,12.4,4.5
LULUCF,Table 6-2,7,Land Converted to Grassland,GrasslandConvertCarbonStock,USA,CO2,MMTCO2e,-3.1,-3,-2.6,-5.7,-11.3,-13.9,-17.6,-19.3,-25.7,-29.9,-35.2,-38.3,-38.6,-38,-37.5,-37,-38,-37.1,-34,-33.8,-32.6,-32.1,-31.2,-27.8,-22.4,-20.8,-22.6,-22.7,-22.4,-21.5,-24.1
LULUCF,Table 6-2,8,Wetlands Remaining Wetlands,WetlandsRemainCarbonStock,USA,CO2,MMTCO2e,-7.4,-7.48,-7.53,-7.47,-7.53,-7.42,-7.58,-7.41,-7.36,-7.29,-7.22,-6.54,-6.62,-6.64,-6.5,-6.55,2.18,2.49,2.48,2.52,2.53,-7.57,-7.95,-8,-8,-8.02,-8.05,-7.95,-7.99,-8.03,-8.08
LULUCF,Table 6-2,9,Land Converted to Wetlands,WetlandsConvertCarbonStock,USA,CO2,MMTCO2e,4.3,3.9,3.7,3.4,3.1,2.9,2.8,2.6,2.2,2.1,2,1.5,1,1,0.8,0.8,0.8,0.8,0.6,0.6,0.6,0,0,0,0,0.2,0.3,0.3,0.3,0.3,0.3
LULUCF,Table 6-2,10,Settlements Remaining Settlements,SettlementsRemainCarbonStock,USA,CO2,MMTCO2e,-109.6,-110.2,-108.4,-107.6,-105.9,-105.6,-106.6,-106.9,-108.7,-111.2,-112.5,-113.8,-112.9,-113.8,-115.4,-116.6,-117.2,-118.4,-121.4,-123.1,-123.7,-124.2,-124.1,-125.4,-126.5,-125.9,-123.8,-127.7,-127.3,-127,-126.1
LULUCF,Table 6-2,11,Land Converted to Settlements,SettlementsConvertCarbonStock,USA,CO2,MMTCO2e,60.8,62.3,63.9,65.7,67.5,69.5,71.4,73.6,75.4,77.1,79.1,80.7,81.8,82.3,82.5,82.8,82.9,82.8,82.6,82.3,81.9,81.4,80.9,80.2,79.4,78.3,77.8,77.9,78,77.9,77.9
LULUCF,Table 6-2,12,CH4,,USA,CH4,MMTCO2e,27.2,26.5,25.4,25.3,26.8,25,26.2,24.7,25.1,27,29.4,26.2,31.2,28.9,33.2,30.9,29,31.6,28,29.1,25.4,27.9,29.3,29.3,26.9,36,28.3,34,30.7,25.5,38.1
LULUCF,Table 6-2,13,Forest Land Remaining Forest Land: Forest Fires b,ForestLandFires,USA,CH4,MMTCO2e,2.3,1.7,0.6,0.6,2,0.4,1.2,0.2,0.6,2.2,4.6,1.8,6.9,4.6,9,6.5,4.2,7,3.7,4.7,1.2,3.1,4.7,5.1,2.4,11.6,3.9,9.5,6.2,1.1,13.6
LULUCF,Table 6-3,14,Forest Land Remaining Forest Land: Drained Organic Soils d,ForestLandDrainedOrg,USA,CH4,MMTCO2e,+ ,+ ,+ ,+ ,+ ,+ ,+ ,+ ,+ ,+ ,+ ,+ ,+ ,+ ,+ ,+ ,+ ,+ ,+ ,+ ,+ ,+ ,+ ,+ ,+ ,+ ,+ ,+ ,+ ,+ ,+ 
LULUCF,Table 6-4,15,Grassland Remaining Grassland: Grassland Fires c,GrasslandFires,USA,CH4,MMTCO2e,0.1,0.1,0.1,0.1,0.3,0.1,0.5,0.1,0.1,0.4,0.4,0.2,0.2,0.2,0.1,0.3,0.8,0.5,0.3,0.4,0.2,0.8,0.6,0.2,0.4,0.3,0.3,0.3,0.3,0.3,0.3
LULUCF,Table 6-2,16,Wetlands Remaining Wetlands: Flooded Land Remaining Flooded Land,WetlandsFlooded,USA,CH4,MMTCO2e,18.2,18.4,18.5,18.6,18.8,18.9,18.9,19,19.2,19.3,19.3,19.5,19.7,19.7,19.8,19.8,19.8,19.8,19.9,19.9,19.9,19.9,19.9,19.9,19.9,19.9,19.9,19.9,19.9,19.9,19.9
LULUCF,Table 6-2,17,Wetlands Remaining Wetlands: Coastal Wetlands Remaining Coastal Wetlands,WetlandsCoastal,USA,CH4,MMTCO2e,3.7,3.7,3.7,3.8,3.8,3.8,3.8,3.8,3.8,3.8,3.8,3.8,3.8,3.8,3.8,3.8,3.8,3.8,3.8,3.8,3.8,3.8,3.8,3.8,3.8,3.8,3.8,3.8,3.8,3.8,3.8
LULUCF,Table 6-2,18,Wetlands Remaining Wetlands: Peatlands Remaining Peatlands,WetlandsPeatlands,USA,CH4,MMTCO2e,+ ,+ ,+ ,+ ,+ ,+ ,+ ,+ ,+ ,+ ,+ ,+ ,+ ,+ ,+ ,+ ,+ ,+ ,+ ,+ ,+ ,+ ,+ ,+ ,+ ,+ ,+ ,+ ,+ ,+ ,+ 
LULUCF,Table 6-2,19,Land Converted to Wetlands: Land Converted to Flooded Lands,WetlandsConvertFlooded,USA,CH4,MMTCO2e,2.6,2.3,2.1,2,1.7,1.6,1.5,1.4,1.1,1,1,0.6,0.4,0.3,0.2,0.2,0.2,0.2,0.1,0.1,0.1,0.1,0.1,0.1,0.1,0.2,0.2,0.2,0.2,0.2,0.2
LULUCF,Table 6-2,20,Land Converted to Wetlands: Land Converted to Coastal Wetlands,WetlandsConvertCoastal,USA,CH4,MMTCO2e,0.2,0.2,0.2,0.2,0.2,0.2,0.2,0.2,0.2,0.2,0.2,0.2,0.2,0.2,0.2,0.2,0.2,0.2,0.2,0.3,0.3,0.2,0.2,0.2,0.2,0.2,0.2,0.2,0.2,0.2,0.2
LULUCF,Table 6-2,21,N2O,,USA,N2O,MMTCO2e,4.2,4.2,3.4,3.5,5.2,3.5,5,3.4,3.5,5.5,8,5.3,9.5,7.6,13.2,10.5,8.8,10.8,8,8.9,5,7.7,8.5,7.8,6.1,12.9,7.1,11.5,9.1,4.8,15.2
LULUCF,Table 6-2,20,Forest Land Remaining Forest Land: Forest Fires b,ForestLandFires,USA,N2O,MMTCO2e,1.8,1.8,0.7,0.5,2.1,0.4,1.4,0.2,0.7,2.2,4.3,1.8,6.2,4.2,9.2,6.3,4.1,6.3,3.9,4.8,1.9,3.8,5.1,4.7,2.8,9.7,3.9,8.2,5.7,1.3,11.7
LULUCF,Table 6-2,21,Forest Land Remaining Forest Land: Forest Soils f,ForestLandSoils,USA,N2O,MMTCO2e,0.1,0.1,0.1,0.2,0.2,0.3,0.4,0.4,0.4,0.6,0.5,0.5,0.6,0.5,0.5,0.5,0.5,0.5,0.5,0.5,0.5,0.5,0.5,0.5,0.5,0.5,0.5,0.5,0.5,0.5,0.5
LULUCF,Table 6-2,22,Forest Land Remaining Forest Land: Drained Organic Soils d,ForestLandDrainedOrg,USA,N2O,MMTCO2e,0.1,0.1,0.1,0.1,0.1,0.1,0.1,0.1,0.1,0.1,0.1,0.1,0.1,0.1,0.1,0.1,0.1,0.1,0.1,0.1,0.1,0.1,0.1,0.1,0.1,0.1,0.1,0.1,0.1,0.1,0.1
LULUCF,Table 6-2,23,Grassland Remaining Grassland: Grassland Fires c,GrasslandFires,USA,N2O,MMTCO2e,0.1,0.1,0.1,0.1,0.3,0.2,0.5,0.1,0.1,0.5,0.5,0.2,0.2,0.2,0.1,0.3,0.9,0.6,0.3,0.4,0.2,0.9,0.6,0.2,0.4,0.3,0.3,0.3,0.3,0.3,0.3
LULUCF,Table 6-2,24,Wetlands Remaining Wetlands: Coastal Wetlands Remaining Coastal Wetlands,WetlandsCoastal,USA,N2O,MMTCO2e,0.1,0.1,0.2,0.1,0.1,0.2,0.2,0.2,0.2,0.2,0.2,0.2,0.2,0.2,0.2,0.2,0.2,0.2,0.2,0.2,0.2,0.1,0.1,0.1,0.1,0.1,0.1,0.1,0.2,0.2,0.2
LULUCF,Table 6-2,25,Wetlands Remaining Wetlands: Peatlands Remaining Peatlands,WetlandsPeatlands,USA,N2O,MMTCO2e,+ ,+ ,+ ,+ ,+ ,+ ,+ ,+ ,+ ,+ ,+ ,+ ,+ ,+ ,+ ,+ ,+ ,+ ,+ ,+ ,+ ,+ ,+ ,+ ,+ ,+ ,+ ,+ ,+ ,+ ,+ 
LULUCF,Table 6-2,26,Settlements Remaining Settlements: Settlement Soils e,SettlementsSoils,USA,N2O,MMTCO2e,2,2,2.3,2.5,2.4,2.4,2.5,2.4,2,2.1,2.6,2.5,2.2,2.4,3.1,3.1,3.2,3.2,3.2,3,2.1,2.4,2.1,2.2,2.2,2.2,2.2,2.3,2.4,2.4,2.5
LULUCF,Table 6-2,28,LULUCF Emissions g,,USA,,MMTCO2e,31.4,30.7,28.8,28.8,32.1,28.5,31.2,28.1,28.6,32.5,37.4,31.6,40.7,36.5,46.3,41.3,37.9,42.4,36,38,30.4,35.6,37.8,37.1,33,48.9,35.4,45.5,39.8,30.3,53.2
LULUCF,Table 6-2,27,LULUCF Carbon Stock Change a,,USA,,MMTCO2e,-892.01,-900.6,-891.2,-873,-889.6,-860.3,-883.3,-861.5,-863.9,-860.6,-862.6,-860.4,-831.2,-857.3,-775.8,-831.1,-855.1,-818.7,-802.5,-772.5,-791.4,-836.3,-837.7,-804.5,-814.4,-748.9,-862,-826.7,-809,-760.8,-812.2
LULUCF,Table 6-2,29,LULUCF Sector Net Total h,,USA,,MMTCO2e,-860.6,-869.9,-862.4,-844.2,-857.5,-831.8,-852.1,-833.4,-835.3,-828,-825.2,-828.8,-790.5,-820.8,-729.5,-789.8,-817.2,-776.4,-766.5,-734.5,-761,-800.7,-799.9,-767.4,-781.4,-700.1,-826.6,-781.2,-769.3,-730.5,-758.9
,,,,,,,,,,,,,,,,,,,,,,,,,,,,,,,,,,,,,,
Wastewater,Table 7-8,1,CH4,Wastewater,USA,CH4,kt,812,824,840,840,848,839,831,834,835,840,836,825,825,818,810,806,802,799,796,778,771,772,770,757,750,755,748,740,732,723,730
Wastewater,Table 7-8,2,Domestic Treatment,WastewaterDomTreatment,USA,CH4,kt,540,548,556,554,553,550,544,544,544,545,545,540,536,531,524,518,510,503,497,491,481,470,459,448,445,447,434,420,407,393,400
Wastewater,Table 7-8,3,Domestic Effluent,WastewaterDomEffluent,USA,CH4,kt,49,50,51,50,49,48,47,47,47,48,48,48,49,49,49,49,50,50,50,50,50,62,73,72,71,71,71,72,73,73,73
Wastewater,Table 7-8,4,Industrial a Treatment,WastewaterIndTreatment,USA,CH4,kt,196,200,206,208,218,215,214,217,218,221,218,213,218,216,215,216,220,224,227,217,219,219,218,217,213,217,223,228,232,237,238
Wastewater,Table 7-8,5,Industrial a Effluent,WastewaterIndEffluent,USA,CH4,kt,27,27,27,27,29,27,26,26,26,26,25,23,23,22,23,22,22,22,22,21,21,21,20,20,20,20,20,20,20,20,20
Wastewater,CALC HERE -->,,Wastewater Treatment (Domestic),WastewaterDom,USA,CH4,kt,589,598,607,604,602,598,591,591,591,593,593,588,585,580,573,567,560,553,547,541,531,532,532,520,516,518,505,492,480,466,473
Wastewater,CALC HERE -->,,Wastewater Treatment (Industrial),WastewaterInd,USA,CH4,kt,223,227,233,235,247,242,240,243,244,247,243,236,241,238,238,238,242,246,249,238,240,240,238,237,233,237,243,248,252,257,258
Wastewater,Table 7-8,6,N2O,Wastewater,USA,N2O,kt,56,57,58,59,61,61,62,62,64,66,67,66,67,68,68,68,70,70,69,69,70,71,73,74,74,75,76,78,79,79,79
Wastewater,Table 7-8,7,Domestic Treatment,WastewaterDomTreatment,USA,N2O,kt,40,41,42,42,44,44,45,45,46,48,49,49,50,51,52,52,53,53,53,53,54,53,55,55,56,56,58,59,60,60,61
Wastewater,Table 7-8,8,Domestic Effluent,WastewaterDomEffluent,USA,N2O,kt,15,15,15,15,16,15,16,15,16,16,16,16,15,15,15,15,15,15,15,15,15,16,17,17,17,16,17,17,17,16,16
Wastewater,Table 7-8,9,Industrial b Treatment,WastewaterIndTreatment,USA,N2O,kt,1,1,1,1,1,1,1,1,1,1,1,1,1,1,1,1,1,1,1,1,1,1,1,1,1,1,1,1,2,2,1
Wastewater,Table 7-8,10,Industrial b Effluent,WastewaterIndEffluent,USA,N2O,kt,+,+,+,+,+,+,+,+,+,+,+,+,+,+,+,+,+,+,+,+,+,+,+,+,+,+,+,+,+,+,+
Wastewater,CALC HERE -->,,Wastewater Treatment (Domestic),WastewaterDom,USA,N2O,kt,55,56,57,57,60,59,61,60,62,64,65,65,65,66,67,67,68,68,68,68,69,69,72,72,73,72,75,76,77,76,77
Wastewater,CALC HERE -->,,Wastewater Treatment (Industrial),WastewaterInd,USA,N2O,kt,1,1,1,1,1,1,1,1,1,1,1,1,1,1,1,1,1,1,1,1,1,1,1,1,1,1,1,1,2,2,1
,,,,,,,,,,,,,,,,,,,,,,,,,,,,,,,,,,,,,,
Industrial Processes,Table 4-50,1,HFC emissions,HCFC22,USA,HFC-23,kt,3.1,2.8,3.1,2.8,2.7,2.8,2.7,2.6,3.4,2.6,2.4,1.7,1.8,1.1,1.5,1.4,1.2,1.5,1.2,0.5,0.5,0.6,0.4,0.3,0.3,0.3,0.2,0.3,0.2,0.3,0.1
,,,,,,,,,,,,,,,,,,,,,,,,,,,,,,,,,,,,,,
Industrial Processes,Table 4-30,1,N2O MMTCO2e,Adipic,USA,N2O,MMTCO2e,15.2,14.9,13,13.9,13.5,16.9,16.7,9.4,5.1,4.7,5.3,4.5,4.9,5.5,3.7,7.1,8.6,10.3,2.5,2.7,4.2,10.2,5.5,3.9,5.4,4.3,7.1,7.5,10.5,5.3,8.3
Industrial Processes,Table 4-30,2,N2O kt,Adipic,USA,N2O,kt,51,50,44,47,45,57,56,32,17,16,18,15,17,18,12,24,29,34,8,9,14,34,19,13,18,14,24,25,35,18,28
,,,,,,,,,,,,,,,,,,,,,,,,,,,,,,,,,,,,,,
StationaryComb,Table 3-8,26,CH4 MMTCO2e,StationaryComb,USA,CH4,MMTCO2e,8.6,8.8,9.1,8.5,8.3,8.3,8.6,7.8,7.1,7.3,7.7,7.2,7.3,7.6,7.7,7.8,7.3,7.7,8,8,8.5,8.3,7.6,8.7,8.9,8.5,7.9,7.7,8.6,8.8,7.9
StationaryComb,Table 3-8,1,CH4 MMTCO2e,StationaryCombElectric,USA,CH4,MMTCO2e,0.4,0.4,0.4,0.4,0.5,0.5,0.5,0.5,0.5,0.5,0.6,0.6,0.7,0.7,0.8,0.9,0.9,1,0.9,0.9,1,1,1.1,1,1.1,1.2,1.2,1.1,1.2,1.3,1.2
StationaryComb,Table 3-8,2,CH4 MMTCO2e,StationaryCombElectricCoal,USA,CH4,MMTCO2e,0.3,0.3,0.3,0.3,0.3,0.3,0.3,0.4,0.4,0.4,0.4,0.4,0.4,0.4,0.4,0.4,0.4,0.4,0.4,0.3,0.3,0.3,0.3,0.3,0.3,0.3,0.2,0.2,0.2,0.2,0.2
StationaryComb,Table 3-8,3,CH4 MMTCO2e,StationaryCombElectricFuelOil,USA,CH4,MMTCO2e,+ ,+ ,+ ,+ ,+ ,+ ,+ ,+ ,+ ,+ ,+ ,+ ,+ ,+ ,+ ,+ ,+ ,+ ,+ ,+ ,+ ,+ ,+ ,+ ,+ ,+ , +  ,+ ,+ ,+ ,+ 
StationaryComb,Table 3-8,4,CH4 MMTCO2e,StationaryCombElectricNG,USA,CH4,MMTCO2e,0.1,0.1,0.1,0.1,0.1,0.1,0.1,0.1,0.1,0.1,0.2,0.2,0.3,0.3,0.4,0.5,0.5,0.6,0.6,0.6,0.6,0.7,0.8,0.7,0.8,0.9,0.9,0.9,1,1.1,1.1
StationaryComb,Table 3-8,5,CH4 MMTCO2e,StationaryCombElectricWood,USA,CH4,MMTCO2e,+ ,+ ,+ ,+ ,+ ,+ ,+ ,+ ,+ ,+ ,+ ,+ ,+ ,+ ,+ ,+ ,+ ,+ ,+ ,+ ,+ ,+ ,+ ,+ ,+ ,+ ,+ ,+ ,+ ,+ ,+ 
StationaryComb,Table 3-8,6,CH4 MMTCO2e,StationaryCombIndustrial,USA,CH4,MMTCO2e,1.8,1.8,1.8,1.8,1.9,2,2,2,1.9,1.9,1.9,1.8,1.7,1.7,1.8,1.7,1.8,1.7,1.6,1.4,1.6,1.6,1.6,1.7,1.6,1.6,1.6,1.5,1.5,1.5,1.4
StationaryComb,Table 3-8,7,CH4 MMTCO2e,StationaryCombIndustrialCoal,USA,CH4,MMTCO2e,0.4,0.4,0.4,0.4,0.4,0.4,0.4,0.4,0.4,0.4,0.3,0.3,0.3,0.3,0.3,0.3,0.3,0.3,0.3,0.2,0.2,0.2,0.2,0.2,0.2,0.2,0.2,0.2,0.1,0.1,0.1
StationaryComb,Table 3-8,8,CH4 MMTCO2e,StationaryCombIndustrialFuelOil,USA,CH4,MMTCO2e,0.2,0.2,0.2,0.2,0.2,0.2,0.2,0.2,0.2,0.2,0.2,0.2,0.2,0.2,0.2,0.2,0.2,0.2,0.2,0.2,0.2,0.2,0.2,0.2,0.2,0.2,0.2,0.2,0.2,0.2,0.1
StationaryComb,Table 3-8,9,CH4 MMTCO2e,StationaryCombIndustrialNG,USA,CH4,MMTCO2e,0.2,0.2,0.2,0.2,0.2,0.2,0.2,0.2,0.2,0.2,0.2,0.2,0.2,0.2,0.2,0.2,0.2,0.2,0.2,0.2,0.2,0.2,0.2,0.2,0.2,0.2,0.2,0.2,0.2,0.2,0.2
StationaryComb,Table 3-8,10,CH4 MMTCO2e,StationaryCombIndustrialWood,USA,CH4,MMTCO2e,1,1,1,1.1,1.1,1.2,1.2,1.2,1.1,1.2,1.2,1,1,1,1.1,1,1,1,1,0.8,1,1,1,1.1,1.1,1.1,1,1,1,1,1
StationaryComb,Table 3-8,11,CH4 MMTCO2e,StationaryCombCommercial,USA,CH4,MMTCO2e,1.1,1.1,1.1,1.1,1.1,1.1,1.1,1.1,1,1,1.1,1.1,1.1,1.1,1.1,1.1,1,1.1,1.1,1.1,1.1,1.1,0.9,1.1,1.1,1.2,1.2,1.2,1.2,1.2,1.2
StationaryComb,Table 3-8,12,CH4 MMTCO2e,StationaryCombCommercialCoal,USA,CH4,MMTCO2e,+ ,+ ,+ ,+ ,+ ,+ ,+ ,+ ,+ ,+ ,+ ,+ ,+ ,+ ,+ ,+ , +  , +  , +  , +  , +  , +  , +  , +  , +  , +  , +  ,+ ,+ ,+ ,+ 
StationaryComb,Table 3-8,13,CH4 MMTCO2e,StationaryCombCommercialFuelOil,USA,CH4,MMTCO2e,0.3,0.3,0.2,0.2,0.2,0.2,0.2,0.2,0.2,0.2,0.2,0.2,0.2,0.2,0.2,0.2,0.2,0.2,0.2,0.2,0.2,0.2,0.1,0.1,0.1,0.2,0.2,0.2,0.2,0.2,0.2
StationaryComb,Table 3-8,14,CH4 MMTCO2e,StationaryCombCommercialNG,USA,CH4,MMTCO2e,0.3,0.3,0.3,0.3,0.4,0.4,0.4,0.4,0.4,0.4,0.4,0.4,0.4,0.4,0.4,0.4,0.3,0.4,0.4,0.4,0.4,0.4,0.4,0.4,0.4,0.4,0.4,0.4,0.4,0.4,0.4
StationaryComb,Table 3-8,15,CH4 MMTCO2e,StationaryCombCommercialWood,USA,CH4,MMTCO2e,0.5,0.5,0.5,0.5,0.5,0.5,0.5,0.5,0.5,0.5,0.5,0.5,0.5,0.5,0.5,0.5,0.5,0.5,0.5,0.5,0.5,0.5,0.4,0.5,0.5,0.6,0.6,0.6,0.6,0.6,0.6
StationaryComb,Table 3-8,16,CH4 MMTCO2e,StationaryCombResidential,USA,CH4,MMTCO2e,5.2,5.4,5.7,5,4.8,4.7,5,4.1,3.6,3.8,4,3.7,3.7,3.9,4,4.1,3.6,3.9,4.2,4.5,4.7,4.6,3.8,4.9,5,4.5,3.9,3.8,4.6,4.7,4.1
StationaryComb,Table 3-8,17,CH4 MMTCO2e,StationaryCombResidentialCoal,USA,CH4,MMTCO2e,0.2,0.2,0.2,0.2,0.2,0.1,0.1,0.1,0.1,0.1,0.1,0.1,0.1,0.1,0.1,0.1,0,0.1,NO,NO,NO,NO,NO,NO,NO,NO,0,0,0,0,0
StationaryComb,Table 3-8,18,CH4 MMTCO2e,StationaryCombResidentialFuelOil,USA,CH4,MMTCO2e,0.3,0.3,0.3,0.3,0.3,0.3,0.3,0.3,0.3,0.3,0.4,0.4,0.3,0.4,0.4,0.3,0.3,0.3,0.3,0.3,0.3,0.3,0.2,0.2,0.3,0.2,0.2,0.2,0.2,0.2,0.2
StationaryComb,Table 3-8,19,CH4 MMTCO2e,StationaryCombResidentialNG,USA,CH4,MMTCO2e,0.5,0.6,0.6,0.6,0.6,0.6,0.6,0.6,0.6,0.6,0.6,0.6,0.6,0.6,0.6,0.6,0.5,0.6,0.6,0.6,0.6,0.6,0.5,0.6,0.6,0.6,0.5,0.5,0.6,0.6,0.6
StationaryComb,Table 3-8,20,CH4 MMTCO2e,StationaryCombResidentialWood,USA,CH4,MMTCO2e,4.1,4.3,4.6,3.9,3.7,3.7,3.8,3.1,2.7,2.8,3,2.6,2.7,2.8,2.9,3.1,2.7,3,3.3,3.6,3.8,3.7,3.1,4.1,4.1,3.7,3.2,3.1,3.7,3.9,3.3
StationaryComb,Table 3-8,21,CH4 MMTCO2e,StationaryCombUSTerritories,USA,CH4,MMTCO2e,+ ,+ ,+ ,+ ,+ ,+ ,+ ,+ ,+ ,+ ,0.07,0.09,0.08,0.09,0.09,0.1,0.1,0.1,0.1,0.1,0.1,0.1,0,0,0,0,+ ,+ ,+ ,+ ,+ 
StationaryComb,Table 3-8,22,CH4 MMTCO2e,StationaryCombUSTerritoriesCoal,USA,CH4,MMTCO2e,+ ,+ ,+ ,+ ,+ ,+ ,+ ,+ ,+ ,+ ,+ ,+ ,+ ,+ ,+ ,+ ,+ ,+ ,+ ,+ ,+ ,+ ,+ ,+ ,+ ,+ ,+ ,+ ,+ ,+ ,+ 
StationaryComb,Table 3-8,23,CH4 MMTCO2e,StationaryCombUSTerritoriesFuelOil,USA,CH4,MMTCO2e,+ ,+ ,+ ,+ ,+ ,+ ,+ ,+ ,+ ,+ ,0.07,0.09,0.08,0.09,0.09,0.1,0.1,0.1,0.1,0.1,0.1,+ ,+ ,+ ,+ ,+ ,+ ,+ ,+ ,+ ,+ 
StationaryComb,Table 3-8,24,CH4 MMTCO2e,StationaryCombUSTerritoriesNG,USA,CH4,MMTCO2e,NO,NO,NO,NO,NO,NO,NO,NO,NO,NO,+ ,+ ,+ ,+ ,+ ,+ ,+ ,+ ,+ ,+ ,+ ,+ ,+ ,+ ,+ ,+ ,+ ,+ ,+ ,+ ,+ 
StationaryComb,Table 3-8,25,CH4 MMTCO2e,StationaryCombUSTerritoriesWood,USA,CH4,MMTCO2e,NE,NE,NE,NE,NE,NE,NE,NE,NE,NE,NE,NE,NE,NE,NE,NE,NE,NE,NE,NE,NE,NE,NE,NE,NE,NE,NE,NE,NE,NE,NE
,,,,,,,,,,,,,,,,,,,,,,,,,,,,,,,,,,,,,,
StationaryComb,Table 3-9,26,N2O MMTCO2e,StationaryComb,USA,N2O,MMTCO2e,25.1,25,25.2,26,26.5,26.8,27.5,27.9,28.3,28.3,29.8,29.4,30.6,31.8,33.1,34.4,34,34.4,34,31.6,34.2,32.9,30.3,32.7,32.9,30.5,30,28.4,28.2,24.9,23.2
StationaryComb,Table 3-9,1,N2O MMTCO2e,StationaryCombElectric,USA,N2O,MMTCO2e,20.5,20.5,20.6,21.5,21.9,22.1,22.7,23.3,24,24,25.3,25.2,26.4,27.6,28.8,30.1,29.8,30.3,30,27.9,30.1,28.9,26.5,28.6,28.9,26.5,26.2,24.8,24.4,21.1,19.7
StationaryComb,Table 3-9,2,N2O MMTCO2e,StationaryCombElectricCoal,USA,N2O,MMTCO2e,20.1,20.1,20.2,21.1,21.5,21.7,22.3,22.8,23.3,23.3,24.5,24.1,25,26.1,27,28,27.7,27.8,27.6,25.4,27.4,26.1,23.1,25.5,25.7,22.8,22.4,21.2,20.3,16.7,15.2
StationaryComb,Table 3-9,3,N2O MMTCO2e,StationaryCombElectricFuelOil,USA,N2O,MMTCO2e,0.1,0.1,0.1,0.1,0.1,0.1,0.1,0.1,0.1,0.1,0.1,0.1,0.1,0.1,0.1,0.1,0.1,0.1, +  , +  , +  , +  , +  , +  , +  , +  , +  , +  , +  , +  , +  
StationaryComb,Table 3-9,4,N2O MMTCO2e,StationaryCombElectricNG,USA,N2O,MMTCO2e,0.3,0.3,0.3,0.3,0.4,0.4,0.4,0.4,0.5,0.5,0.7,0.9,1.3,1.4,1.7,1.9,2.1,2.3,2.3,2.5,2.7,2.7,3.4,3.1,3.1,3.7,3.8,3.6,4.1,4.4,4.5
StationaryComb,Table 3-9,5,N2O MMTCO2e,StationaryCombElectricWood,USA,N2O,MMTCO2e, +  , +  , +  , +  , +  , +  , +  , +  , +  , +  , +  , +  , +  , +  , +  , +  , +  , +  , +  , +  , +  , +  , +  , +  , +  , +  , +  , +  , +  , +  , +  
StationaryComb,Table 3-9,6,N2O MMTCO2e,StationaryCombIndustrial,USA,N2O,MMTCO2e,3.1,3,3.1,3.1,3.2,3.3,3.3,3.4,3.2,3.1,3.1,3,2.8,2.8,3,2.9,3,2.9,2.7,2.3,2.7,2.7,2.7,2.8,2.7,2.6,2.6,2.5,2.5,2.5,2.3
StationaryComb,Table 3-9,7,N2O MMTCO2e,StationaryCombIndustrialCoal,USA,N2O,MMTCO2e,0.7,0.7,0.7,0.7,0.7,0.7,0.7,0.7,0.7,0.6,0.6,0.6,0.6,0.6,0.6,0.6,0.5,0.5,0.5,0.4,0.4,0.4,0.4,0.4,0.4,0.3,0.3,0.3,0.3,0.2,0.2
StationaryComb,Table 3-9,8,N2O MMTCO2e,StationaryCombIndustrialFuelOil,USA,N2O,MMTCO2e,0.5,0.4,0.5,0.4,0.4,0.4,0.5,0.5,0.4,0.4,0.4,0.5,0.5,0.5,0.5,0.5,0.6,0.6,0.5,0.4,0.4,0.4,0.4,0.5,0.4,0.4,0.4,0.4,0.4,0.4,0.3
StationaryComb,Table 3-9,9,N2O MMTCO2e,StationaryCombIndustrialNG,USA,N2O,MMTCO2e,0.2,0.2,0.2,0.2,0.2,0.2,0.3,0.3,0.2,0.2,0.2,0.2,0.2,0.2,0.2,0.2,0.2,0.2,0.2,0.2,0.2,0.2,0.2,0.2,0.2,0.2,0.2,0.3,0.3,0.3,0.3
StationaryComb,Table 3-9,10,N2O MMTCO2e,StationaryCombIndustrialWood,USA,N2O,MMTCO2e,1.6,1.6,1.7,1.7,1.8,1.9,1.9,2,1.8,1.8,1.9,1.6,1.6,1.5,1.7,1.6,1.7,1.6,1.5,1.3,1.6,1.6,1.7,1.7,1.7,1.7,1.7,1.6,1.6,1.6,1.5
StationaryComb,Table 3-9,11,N2O MMTCO2e,StationaryCombCommercial,USA,N2O,MMTCO2e,0.4,0.4,0.4,0.4,0.4,0.4,0.4,0.4,0.3,0.3,0.4,0.3,0.3,0.4,0.4,0.3,0.3,0.3,0.3,0.3,0.3,0.3,0.3,0.3,0.3,0.4,0.3,0.3,0.3,0.3,0.3
StationaryComb,Table 3-9,12,N2O MMTCO2e,StationaryCombCommercialCoal,USA,N2O,MMTCO2e,0.1,0.1,0.1,0.1,0.1,0.1,0.1,0.1, +  , +  , +  , +  , +  , +  , +  , +  , +  , +  , +  , +  , +  , +  , +  , +  , +  , +  , +  , +  , +  , +  , +  
StationaryComb,Table 3-9,13,N2O MMTCO2e,StationaryCombCommercialFuelOil,USA,N2O,MMTCO2e,0.2,0.2,0.2,0.1,0.1,0.1,0.1,0.1,0.1,0.1,0.1,0.1,0.1,0.1,0.1,0.1,0.1,0.1,0.1,0.1,0.1,0.1,0.1,0.1,0.1,0.2,0.1,0.1,0.1,0.1,0.1
StationaryComb,Table 3-9,14,N2O MMTCO2e,StationaryCombCommercialNG,USA,N2O,MMTCO2e,0.1,0.1,0.1,0.1,0.1,0.1,0.1,0.1,0.1,0.1,0.1,0.1,0.1,0.1,0.1,0.1,0.1,0.1,0.1,0.1,0.1,0.1,0.1,0.1,0.1,0.1,0.1,0.1,0.1,0.1,0.1
StationaryComb,Table 3-9,15,N2O MMTCO2e,StationaryCombCommercialWood,USA,N2O,MMTCO2e,0.1,0.1,0.1,0.1,0.1,0.1,0.1,0.1,0.1,0.1,0.1,0.1,0.1,0.1,0.1,0.1,0.1,0.1,0.1,0.1,0.1,0.1,0.1,0.1,0.1,0.1,0.1,0.1,0.1,0.1,0.1
StationaryComb,Table 3-9,16,N2O MMTCO2e,StationaryCombResidential,USA,N2O,MMTCO2e,1,1.1,1.1,1,1,1,1,0.9,0.8,0.8,0.9,0.8,0.8,0.9,0.9,0.9,0.8,0.8,0.9,0.9,0.9,0.9,0.8,1,1,0.9,0.8,0.8,0.9,0.9,0.8
StationaryComb,Table 3-9,17,N2O MMTCO2e,StationaryCombResidentialCoal,USA,N2O,MMTCO2e, +  , +  , +  , +  , +  , +  , +  , +  , +  , +  , +  , +  , +  , +  , +  , +  , +  , +  , NO , NO , NO , NO , NO , NO , NO , NO , NO , NO , NO , NO , NO 
StationaryComb,Table 3-9,18,N2O MMTCO2e,StationaryCombResidentialFuelOil,USA,N2O,MMTCO2e,0.2,0.2,0.2,0.2,0.2,0.2,0.3,0.2,0.2,0.2,0.3,0.3,0.2,0.3,0.3,0.2,0.2,0.2,0.2,0.2,0.2,0.2,0.1,0.2,0.2,0.2,0.1,0.1,0.2,0.2,0.2
StationaryComb,Table 3-9,19,N2O MMTCO2e,StationaryCombResidentialNG,USA,N2O,MMTCO2e,0.1,0.1,0.1,0.1,0.1,0.1,0.2,0.1,0.1,0.1,0.1,0.1,0.1,0.1,0.1,0.1,0.1,0.1,0.1,0.1,0.1,0.1,0.1,0.1,0.1,0.1,0.1,0.1,0.1,0.1,0.1
StationaryComb,Table 3-9,20,N2O MMTCO2e,StationaryCombResidentialWood,USA,N2O,MMTCO2e,0.7,0.7,0.7,0.6,0.6,0.6,0.6,0.5,0.4,0.4,0.5,0.4,0.4,0.5,0.5,0.5,0.4,0.5,0.5,0.6,0.6,0.6,0.5,0.6,0.7,0.6,0.5,0.5,0.6,0.6,0.5
StationaryComb,Table 3-9,21,N2O MMTCO2e,StationaryCombUSTerritories,USA,N2O,MMTCO2e,0.1,0.1,0.1,0.1,0.1,0.1,0.1,0.1,0.1,0.1,0.1,0.1,0.1,0.1,0.1,0.1,0.1,0.1,0.1,0.1,0.1,0.1,0.1,0.1,0.1,0.1,0.1,0.1,0.1,0.1,0.1
StationaryComb,Table 3-9,22,N2O MMTCO2e,StationaryCombUSTerritoriesCoal,USA,N2O,MMTCO2e, +  , +  , +  , +  , +  , +  , +  , +  , +  , +  , +  , +  , +  , +  , +  , +  , +  , +  , +  , +  , +  , +  , +  , +  , +  , +  , +  , +  , +  , +  , +  
StationaryComb,Table 3-9,23,N2O MMTCO2e,StationaryCombUSTerritoriesFuelOil,USA,N2O,MMTCO2e,0.1,0.1,0.1,0.1,0.1,0.1,0.1,0.1,0.1,0.1,0.1,0.1,0.1,0.1,0.1,0.1,0.1,0.1,0.1,0.1,0.1,0.1,0.1,0.1,0.1,0.1, +  ,0.1, +  , +  , +  
StationaryComb,Table 3-9,24,N2O MMTCO2e,StationaryCombUSTerritoriesNG,USA,N2O,MMTCO2e, NO , NO , NO , NO , NO , NO , NO , NO , NO , NO , +  , +  , +  , +  , +  , +  , +  , +  , +  , +  , +  , +  , +  , +  , +  , +  , +  , +  , +  , +  , +  
StationaryComb,Table 3-9,25,N2O MMTCO2e,StationaryCombUSTerritoriesWood,USA,N2O,MMTCO2e, NE , NE , NE , NE , NE , NE , NE , NE , NE , NE , NE , NE , NE , NE , NE , NE , NE , NE , NE , NE , NE , NE , NE , NE , NE , NE , NE , NE , NE , NE , NE 
,,,,,,,,,,,,,,,,,,,,,,,,,,,,,,,,,,,,,,
Waste Incineration,Table 3-26,1,CO2 WasteIncin,WasteIncin,USA,CO2,kt,"12,937","11,201","13,024","13,001","14,072","14,366","14,547","13,764","12,818","12,343","13,055","13,023","13,058","13,202","13,277","13,283","14,374","14,272","13,939","13,489","12,853","12,741","13,393","14,135","14,058","14,167","14,356","13,161","13,339","12,948","13,133"
Waste Incineration,Table 3-26,2,CH4 WasteIncin,WasteIncin,USA,CH4,kt,+ ,+ ,+ ,+ ,+ ,+ ,+ ,+ ,+ ,+ ,+ ,+ ,+ ,+ ,+ ,+ ,+ ,+ ,+ ,+ ,+ ,+ ,+ ,+ ,+ ,+ ,+ ,+ ,+ ,+ ,+
Waste Incineration,Table 3-26,3,N2O WasteIncin,WasteIncin,USA,N2O,kt,2,1,1,1,1,1,1,1,1,1,1,1,1,1,1,1,1,1,1,1,1,1,1,1,1,1,1,1,1,1,1
,,,,,,,,,,,,,,,,,,,,,,,,,,,,,,,,,,,,,,
Lime Production,Table 4-7,1,Gross Emissions,LimeProdGross,USA,CO2,kt,"11,959","11,812","12,232","12,645","13,123","13,968","14,629","14,937","15,267","14,946","14,830","14,209","13,611","14,402","15,099","15,074","15,766","15,221","14,981","11,872","13,776","14,389","14,258","14,495","14,715","13,764","13,000","13,283","13,609","12,676","11,875"
Lime Production,Table 4-7,2,Recovered,LimeProdRecovered,USA,CO2,kt,259,273,305,366,387,430,388,439,475,521,548,486,441,495,486,522,523,500,476,461,395,407,473,467,505,422,370,401,503,564,576
Lime Production,Table 4-7,3,Net Emissions,LimeProd,USA,CO2,kt,"11,700","11,539","11,927","12,279","12,736","13,538","14,242","14,498","14,792","14,425","14,282","13,722","13,169","13,907","14,613","14,552","15,243","14,721","14,505","11,411","13,381","13,982","13,785","14,028","14,210","13,342","12,630","12,882","13,106","12,112","11,299"
,,,,,,,,,,,,,,,,,,,,,,,,,,,,,,,,,,,,,,
GlassProduction,Table 4-11,1,MMT CO2,Glass,USA,CO2,MMTCO2e,2.3,2.2,2.3,2.3,2.4,2.4,2.4,2.5,2.6,2.6,2.6,2.5,2.5,2.4,2.5,2.4,2.4,2.3,2.2,1.9,2.1,2.1,2,2,2,2,2.1,2,2,1.9,1.9
GlassProduction,Table 4-11,2,kt CO2,Glass,USA,CO2,kt,"2,291","2,176","2,270","2,302","2,374","2,363","2,396","2,499","2,560","2,601","2,576","2,451","2,462","2,416","2,452","2,432","2,428","2,332","2,233","1,921","2,073","2,074","2,023","2,030","2,024","2,023","2,119","2,011","1,989","1,938","1,857"
,,,,,,,,,,,,,,,,,,,,,,,,,,,,,,,,,,,,,,
Petrochemical Production,Table 4-47,1,CO2 Petrochemical Production,Petrochem,USA,CO2,kt,"21,611","23,053","23,660","24,606","26,573","27,949","29,096","30,493","30,851","32,301","31,571","27,630","28,676","28,452","30,671","27,383","27,627","28,072","24,744","23,800","27,262","26,338","26,501","26,395","26,496","28,062","28,110","28,890","29,314","30,702","30,011"
Petrochemical Production,Table 4-47,2,CH4 Petrochemical Production,Petrochem,USA,CH4,kt,9,9,9,11,12,12,13,14,14,13,12,8,8,8,7,3,2,2,2,2,2,2,3,3,5,7,10,10,12,13,13
,,,,,,,,,,,,,,,,,,,,,,,,,,,,,,,,,,,,,,
Landfills,Table 7-4,6,MSW Net CH4 Emissions,LandfillsDom,USA,CH4,kt,"6,627",6712,6692,6604,6583,6384,6235,5848,5457,5183,5043,4861,4805,4894,4796,4687,4599,4511,4422,4334,4372,4023,4070,3924,3907,3848,"3,719","3,768","3,867","3,943","3,768"
Landfills,Table 7-4,7,Industrial Net CH4 Emissions,LandfillsInd,USA,CH4,kt,436,443,451,460,470,485,498,510,522,532,543,554,559,565,569,575,577,580,585,590,592,593,594,596,597,598,599.0708182,600,601,602,605
Landfills,Table 7-4,8,Total,Landfills,USA,CH4,kt,"7,063",7155,7143,7064,7053,6868,6733,6358,5979,5715,5587,5415,5364,5459,5365,5262,5176,5091,5007,4924,4964,4616,4664,4520,4504,4447,"4,318","4,368","4,467","4,545","4,373"
